제품명,코드1,코드2,제조사
가티플로점안액(가티플록사신수화물)_(16.08mg/5mL),652100011,434830COS,(주)한독
간포트점안액(1회용)_(0.4mL),624900461,670100COS,한국애브비(주)
간포트점안액_(3mL),624900451,541200COS,한국애브비(주)
건아이점안액(폴리소르베이트80)(1회용)_(4mg/0.4mL),649507341,401637COS,유니메드제약(주)
경남티어앤톡점안액(트레할로스수화물)(1회용)_(13.264mg/0.4mL),647603621,D49002COS,경남제약(주)
그라벨라점안액(레보플록사신수화물)_(25mg/5mL),643306821,183230COS,(주)종근당
글라졸에스점안액(1회용)_(0.3mL),649508121,541600COS,유니메드제약(주)
글로아이점안액(히알루론산나트륨)_(6mg/6mL),58200702,530021COS,(주)아리제약
나박점안액(엔-아세틸아스파틸글루타민산나트륨)_(0.49g/10mL),643900052,198231COS,삼일제약(주)
나조린점안액_(10mL),645300043,D81800COS,한림제약(주)
나조린점안액_(12mL),645300042,D81700COS,한림제약(주)
나조린점안액_(15mL),645300041,D81600COS,한림제약(주)
나타신점안현탁액(나타마이신),664000291,520830COS,한국희귀의약품센터
노블리안점안액0.15%(히알루론산나트륨)(1회용)_(0.675mg/0.45mL),670608501,530059COS,(주)휴온스
누네프레쉬점안액1.0%(카르복시메틸셀룰로오스나트륨)(1회용)_(5mg/0.5mL),643105781,228648COS,(주)바이넥스
누마렌점안액(1회용)_(0.5mL),645306031,E65700COS,한림제약(주)
누마렌점안액(1회용)_(0.6mL),645300076,D80000COS,한림제약(주)
누마렌점안액_(10mL),645300071,D80200COS,한림제약(주)
누마렌점안액_(15mL),645300073,D80400COS,한림제약(주)
눈앤점안액0.5%(카르복시메틸셀룰로오스나트륨)(1회용)_(2.5mg/0.5mL),643500221,228633COS,한미약품(주)
눈앤점안액0.5%(카르복시메틸셀룰로오스나트륨)_(50mg/10mL),643507061,228645COS,한미약품(주)
눈앤쿨점안액0.6%(카르복시메틸셀룰로오스나트륨)(1회용)_(3mg/0.5mL),643508801,228652COS,한미약품(주)
뉴브이로토이엑스점안액_(13mL),641900242,D99500COS,(주)보령
뉴히알드롭점안액0.15%(히알루론산나트륨)_(15mg/10mL),650102612,530037COS,(주)태준제약
뉴히알드롭점안액0.15%(히알루론산나트륨)_(9mg/6mL),650102611,530025COS,(주)태준제약
뉴히알루론미니점안액0.3%(히알루론산나트륨)(1회용)_(1.05mg/0.35mL),690300441,530065COS,(주)라이트팜텍
뉴히알유니점안액0.15%(히알루론산나트륨)_(0.675mg/0.45mL),650102911,530059COS,(주)태준제약
대웅레보플록사신점안액0.5%(레보플록사신수화물)_(25mg/5mL),641605641,183230COS,(주)대웅제약
덱사겔점안겔(덱사메타손인산나트륨)_(4.925mg/5g),664400011,142231COO,(주)바슈헬스코리아
도르티솝에스점안액_(0.4mL),643703771,541900COS,국제약품(주)
도졸점안액(도르졸라미드염산염)_(0.1g/5mL),643308481,148830COS,(주)종근당
"도티몰점안액(도르졸라미드염산염,티몰롤말레산염)(1회용)_(0.3mL)",643506031,541600COS,한미약품(주)
"도티몰점안액(도르졸라미드염산염,티몰롤말레산염)_(5mL)",643505711,538300COS,한미약품(주)
동성디알클린점안액(카르복시메틸셀룰로오스나트륨)(1회용)_(2mg/0.4mL),643202851,228632COS,동성제약(주)
동아오젝스점안액(토수플록사신토실산염수화물)_(15mg/5mL),642506601,242230COS,동아에스티(주)
듀얼아쿠아점안액(트레할로스수화물)(1회용)_(13.264mg/0.4mL),690300271,D49002COS,(주)라이트팜텍
듀얼콥점안액_(10mL),643903652,538400COS,삼일제약(주)
듀오트라브점안액_(2.5mL),653603061,541000COS,한국노바티스(주)
드라이프리점안액(사이클로스포린)(1회용)_(0.2mg/0.4mL),674100621,475130COS,(주)옵투스제약
드림피아점안액0.125%(아트로핀황산염)(1회용)_(0.5mg/0.4mL),649606471,111836COS,대우제약(주)
"디겐타점안액(수출명1:겐플루론점안액, 수출명2:플루토겐점안액)_(5mL)",645300241,538700COS,한림제약(주)
디아포솔점안액(디쿠아포솔나트륨)(1회용)_(12mg/0.4mL),698004301,617332COS,(주)제뉴파마
디알큐점안액(디쿠아포솔나트륨)(1회용)_(12mg/0.4mL),642906471,617332COS,일동제약(주)
디알클리어점안액(카르복시메틸셀룰로오스나트륨)(1회용)_(2.5mg/0.5mL),651205221,228633COS,삼천당제약(주)
디알클리어점안액1.0%(카르복시메틸셀룰로오스나트륨)(1회용)_(4.5mg/0.45mL),651205811,228651COS,삼천당제약(주)
디알프레쉬에프점안액(카르복시메틸셀룰로오스나트륨)(1회용)_(4.5mg/0.45mL),674102011,228651COS,(주)옵투스제약
디알프레쉬에프점안액(카르복시메틸셀룰로오스나트륨)(1회용)_(5mg/0.5mL),674101961,228648COS,(주)디에이치피코리아
디알프레쉬점안액(카르복시메틸셀룰로오스나트륨)(1회용)_(1.75mg/0.35mL),674101181,228647COS,(주)디에이치피코리아
디알프레쉬점안액(카르복시메틸셀룰로오스나트륨)(1회용)_(2.25mg/0.45mL),674101191,228650COS,(주)디에이치피코리아
디알프레쉬점안액(카르복시메틸셀룰로오스나트륨)(1회용)_(2.5mg/0.5mL),674101201,228633COS,(주)옵투스제약
디알프레쉬점안액(카르복시메틸셀룰로오스나트륨)(1회용)_(3.5mg/0.7mL),674100641,228649COS,(주)디에이치피코리아
디알프레쉬점안액(카르복시메틸셀룰로오스나트륨)(1회용)_(4.5mg/0.9mL),674100991,228638COS,(주)디에이치피코리아
디어큐어점안액(디쿠아포솔나트륨)(1회용)_(12mg/0.4mL),649507991,617332COS,유니메드제약(주)
디쿠모점안액(디쿠아포솔나트륨)(1회용)_(12mg/0.4mL),694003071,617332COS,대웅바이오(주)
디쿠솔점안액(디쿠아포솔나트륨)(1회용)_(12mg/0.4mL),645605391,617332COS,대화제약(주)
디쿠스점안액(디쿠아포솔나트륨)(1회용)_(12mg/0.4mL),649605781,617332COS,대우제약(주)
디쿠스점안액(디쿠아포솔나트륨)_(0.18g/6mL),649605981,617338COS,대우제약(주)
디쿠아데이점안액5%(디쿠아포솔나트륨)(1회용)_(20mg/0.4mL),650103341,617339COS,(주)태준제약
디쿠아론점안액(디쿠아포솔나트륨)(1회용)_(12mg/0.4mL),651205311,617332COS,삼천당제약(주)
디쿠아론점안액(디쿠아포솔나트륨)(1회용)_(13.5mg/0.45mL),651205321,617335COS,삼천당제약(주)
디쿠아론점안액(디쿠아포솔나트륨)_(0.15g/5mL),651205481,617330COS,삼천당제약(주)
디쿠아룩스점안액(디쿠아포솔나트륨)(1회용)_(12mg/0.4mL),648605021,617332COS,(주)씨엠지제약
디쿠아벨점안액(디쿠아포솔나트륨)(1회용)_(12mg/0.4mL),643308121,617332COS,(주)종근당
디쿠아솔점안액(디쿠아포솔나트륨)(1회용)_(12mg/0.4mL),645306211,617332COS,한림제약(주)
디쿠아솔점안액(디쿠아포솔나트륨)_(0.15g/5mL),645306281,617330COS,한림제약(주)
디쿠아스-에스점안액3%(디쿠아포솔나트륨)(1회용)_(12mg/0.4mL),653301021,617332COS,미쓰비시다나베파마코리아주식회사
디쿠아스점안액3%(디쿠아포솔나트륨)_(0.15g/5mL),665600101,617330COS,한국산텐제약(주)
디쿠아에프점안액(디쿠아포솔나트륨)(1회용)_(12mg/0.4mL),645104811,617332COS,대한약품공업(주)
디쿠아엠점안액(디쿠아포솔나트륨)(1회용)_(12mg/0.4mL),622804371,617332COS,(주)마더스제약
디쿠아이점안액(디쿠아포솔나트륨)(1회용)_(12mg/0.4mL),643704821,617332COS,국제약품(주)
디쿠아인점안액(디쿠아포솔나트륨)(1회용)_(12mg/0.4mL),671706571,617332COS,주식회사제뉴원사이언스
디쿠아인점안액(디쿠아포솔나트륨)_(0.18g/6mL),671707401,617338COS,주식회사제뉴원사이언스
디쿠아폴점안액3%(디쿠아포솔나트륨)(1회용)_(15mg/0.5mL),643508141,617333COS,한미약품(주)
디쿠아폴점안액3%(디쿠아포솔나트륨)_(0.15g/5mL),643508821,617330COS,한미약품(주)
디쿠아프리점안액(디쿠아포솔나트륨)(1회용)_(12mg/0.4mL),674101741,617332COS,(주)옵투스제약
디쿠아프리점안액(디쿠아포솔나트륨)(1회용)_(13.5mg/0.45mL),674101751,617335COS,(주)옵투스제약
디쿠알론점안액(디쿠아포솔나트륨)(1회용)_(12mg/0.4mL),658604401,617332COS,이연제약(주)
디크란점안액(디클로페낙나트륨)(수출명:디클점안액)_(5mg/5mL),645300251,143532COS,한림제약(주)
디피메토론점안액(플루오로메톨론)_(6mg/6mL),645604442,161238COS,대화제약(주)
라노탄점안액(라타노프로스트)_(0.125mg/2.5mL),654202551,181531COS,알파제약(주)
라노프점안액(라타노프로스트)(1회용)_(10μg/0.2mL),643705591,181502COS,국제약품(주)
라스타카프트점안액0.25%(알카프타딘)_(12.5mg/5mL),624900521,619330COS,한국애브비(주)
라이트레보점안액(레보플록사신수화물)_(30mg/6mL),690300161,183231COS,(주)라이트팜텍
라이트레보점안액1.5%(레보플록사신수화물)_(90mg/6mL),690303071,183244COS,(주)라이트팜텍
라이트목시점안액(목시플록사신염산염)_(32.7mg/6mL),690300292,380334COS,(주)라이트팜텍
라이트브롬점안액(브롬페낙나트륨수화물)(1회용)_(0.4mg/0.4mL),690303661,619205COS,(주)라이트팜텍
라이트솝점안액_(5mL),690301991,538300COS,(주)라이트팜텍
라이트오플점안액(오플록사신)_(18mg/6mL),690300711,203937COS,(주)라이트팜텍
라이트올론점안액0.1%(올로파타딘염산염)_(6.66mg/6mL),690301592,391737COS,(주)라이트팜텍
라이트올론점안액0.2%(올로파타딘염산염)(1회용)_(0.777mg/0.35mL),690301421,391743COS,(주)라이트팜텍
라이트올론점안액0.2%(올로파타딘염산염)_(6.66mg/3mL),690300241,391738COS,(주)라이트팜텍
라이트올론점안액0.7%(올로파타딘염산염)(1회용)_(2.328mg/0.3mL),690303611,391751COS,(주)라이트팜텍
라이트올론점안액0.7%(올로파타딘염산염)_(23.28mg/3mL),690303601,391747COS,(주)라이트팜텍
라이트토덱스점안액_(6mL),690300302,538200COS,(주)라이트팜텍
라이트토브라점안액(토브라마이신)_(18mg/6mL),690301092,240834COS,(주)라이트팜텍
라이트포린점안액(사이클로스포린)(1회용)_(0.2mg/0.4mL),690300721,475130COS,(주)라이트팜텍
라이트포솔점안액(디쿠아포솔나트륨)(1회용)_(12mg/0.4mL),690302901,617332COS,(주)라이트팜텍
라이트프레쉬점안액0.5%(카르복시메틸셀룰로오스나트륨)(1회용)_(2.5mg/0.5mL),690300211,228633COS,(주)라이트팜텍
라이트프레쉬점안액1%(카르복시메틸셀룰로오스나트륨)(1회용)_(4.5mg/0.45mL),690303551,228651COS,(주)라이트팜텍
라이트플론티점안액(플루오로메톨론)_(6mg/6mL),690300231,161238COS,(주)라이트팜텍
라이트플론티플러스점안액_(6mL),690301372,538900COS,(주)라이트팜텍
라이트히알점안액0.1%(히알루론산나트륨)_(6mg/6mL),690300221,530021COS,(주)라이트팜텍
라이트히알점안액0.18%(히알루론산나트륨)(1회용)_(0.9mg/0.5mL),690302481,530048COS,(주)라이트팜텍
라큐아점안액(히알루론산나트륨)_(10mg/10mL),643900172,530029COS,삼일제약(주)
라큐아점안액(히알루론산나트륨)_(5mg/5mL),643900171,530020COS,삼일제약(주)
라큐아점안액0.3%(히알루론산나트륨)_(15mg/5mL),643903791,530039COS,삼일제약(주)
라타노프리점안액(라타노프로스트)(1회용)_(10μg/0.2mL),674102191,181502COS,(주)옵투스제약
라타로점안액(라타노프로스트)_(0.125mg/2.5mL),643500481,181531COS,한미약품(주)
라타로점안액(라타노프로스트)_(0.15mg/3mL),643500482,181532COS,한미약품(주)
라타스타점안액(라타노프로스트)_(0.125mg/2.5mL),654305621,181531COS,오스틴제약(주)
라타스트점안액(라타노프로스트)(1회용)_(10μg/0.2mL),651206171,181502COS,삼천당제약(주)
라타아인점안액(라타노프로스트)_(0.125mg/2.5mL),622804451,181531COS,(주)마더스제약
레나신점안액(레보플록사신수화물)_(30mg/6mL),657806971,183231COS,하나제약(주)
레바아이점안액2%(레바미피드)(1회용)_(8mg/0.4mL),643705491,222931COS,국제약품(주)
레바아이점안액2%(레바미피드)_(0.1g/5mL),643705341,222930COS,국제약품(주)
레바케이점안액(레바미피드)(1회용)_(8mg/0.4mL),643903902,222931COS,삼일제약(주)
레바케이점안액(레바미피드)_(0.1g/5mL),643903901,222930COS,삼일제약(주)
레보스타점안액(레보플록사신)_(25mg/5mL),651200241,183230COS,삼천당제약(주)
레보스타점안액1.5%(레보플록사신수화물)_(75mg/5mL),651205391,183243COS,삼천당제약(주)
레보아인점안액(레보플록사신수화물)_(30mg/6mL),671704251,183231COS,주식회사제뉴원사이언스
레보아점안액0.5%(레보플록사신)_(30mg/6mL),52400571,183231COS,(주)인트로바이오파마
레보아점안액1.5%(레보플록사신수화물)_(75mg/5mL),52401801,183243COS,(주)인트로바이오파마
레보카신점안액(레보플록사신수화물)_(1.5mg/0.3mL),643704551,183241COS,국제약품(주)
레보카신점안액(레보플록사신수화물)_(25mg/5mL),643703521,183230COS,국제약품(주)
레보카신점안액1.5%(레보플록사신수화물)(1회용)_(6mg/0.4mL),643705562,183245COS,국제약품(주)
레보크라점안액(레보플록사신수화물)_(30mg/6mL),649000042,183231COS,풍림무약(주)
레보크라점안액1.5%(레보플록사신수화물)_(90mg/6mL),649002401,183244COS,풍림무약(주)
레보클점안액(레보플록사신)_(25mg/5mL),645300311,183230COS,한림제약(주)
레보클점안액1.5%(레보플록사신수화물)_(75mg/5mL),645306351,183243COS,한림제약(주)
레보킹점안액(레보플록사신수화물)_(30mg/6mL),658601941,183231COS,이연제약(주)
레보킹점안액1.5%(레보플록사신수화물)_(90mg/6mL),658604432,183244COS,이연제약(주)
레보텔라점안액(레보플록사신수화물)_(25mg/5mL),650205991,183230COS,안국약품(주)
레보트라점안액(레보플록사신수화물)_(30mg/6mL),643100162,183231COS,(주)바이넥스
레보트라점안액1.5%(레보플록사신수화물)_(90mg/6mL),643105541,183244COS,(주)바이넥스
레보틴점안액(레보플록사신수화물)(수출명:레보아이점안액)_(25mg/5mL),649600781,183230COS,대우제약(주)
레보틴점안액(레보플록사신수화물)(수출명:레보아이점안액)_(30mg/6mL),649600783,183231COS,대우제약(주)
레보틴점안액1.5%(레보플록사신수화물)(1회용)_(6mg/0.4mL),649606401,183245COS,대우제약(주)
레보틴점안액1.5%(레보플록사신수화물)_(90mg/6mL),649605902,183244COS,대우제약(주)
레보펙신점안액(레보플록사신수화물)_(25mg/5mL),642900241,183230COS,일동제약(주)
레보프란점안액(레보플록사신수화물)_(30mg/6mL),645104221,183231COS,대한약품공업(주)
레보프란점안액1.5%(레보플록사신수화물)_(90mg/6mL),645104801,183244COS,대한약품공업(주)
레보프록스점안액(레보플록사신수화물)_(30mg/6mL),657307591,183231COS,(주)동구바이오제약
레보플레쉬에프점안액(레보플록사신수화물)(1회용)_(6mg/0.4mL),674102171,183245COS,(주)옵투스제약
레보플레쉬에프점안액(레보플록사신수화물)_(75mg/5mL),674101851,183243COS,(주)옵투스제약
레보플레쉬에프점안액(레보플록사신수화물)_(90mg/6mL),674101852,183244COS,(주)디에이치피코리아
레보플레쉬점안액(레보플록사신수화물)_(30mg/6mL),674100084,183231COS,(주)옵투스제약
레보플로점안액(레보플록사신수화물)_(90mg/6mL),628901931,183244COS,(주)이든파마
레보플루점안액_(6mL),644101072,538900COS,제이더블유신약(주)
레보하이점안액(레보플록사신수화물)_(30mg/6mL),693201591,183231COS,(주)킵스바이오파마
레보하이점안액1.5%(레보플록사신수화물)_(90mg/6mL),693202391,183244COS,(주)킵스바이오파마
레복사신점안액0.5%(레보플록사신수화물)_(25mg/5mL),643500531,183230COS,한미약품(주)
레복사신점안액1.5%(레보플록사신수화물)_(75mg/5mL),643508601,183243COS,한미약품(주)
레비타점안액(폴리소르베이트80)(1회용)_(4mg/0.4mL),628901801,401637COS,(주)이든파마
레비타점안액(폴리소르베이트80)(1회용)_(5mg/0.5mL),628901811,401638COS,(주)이든파마
레스타시스점안액0.05%(사이클로스포린)(1회용)_(0.2mg/0.4mL),624900531,475130COS,한국애브비(주)
레스타인점안액0.05%(사이클로스포린)(1회용)_(0.2mg/0.4mL),671705551,475130COS,주식회사제뉴원사이언스
레스타포린점안액0.05%(시클로스포린)_(0.2mg/0.4mL),643703441,475130COS,국제약품(주)
레타스점안액0.05%(시클로스포린)_(0.2mg/0.4mL),645604061,475130COS,대화제약(주)
레트록신점안액(레보플록사신)_(25mg/5mL),654700131,183230COS,케이엠에스제약(주)
렉타신점안액(레보플록사신수화물)_(1.5mg/0.3mL),649506361,183241COS,유니메드제약(주)
렉타신점안액(레보플록사신수화물)_(25mg/5mL),649500491,183230COS,유니메드제약(주)
렉타신점안액1.5%(레보플록사신수화물)_(75mg/5mL),649508321,183243COS,유니메드제약(주)
로이옵점안액(1회용)_(0.25mL),645306271,541700COS,한림제약(주)
로이옵점안액_(5mL),645304111,538300COS,한림제약(주)
로테맥스점안현탁액0.5%(로테프레드놀에타보네이트)_(25mg/5mL),664400191,568603COS,(주)바슈헬스코리아
로테프로점안현탁액0.5%(로테프레드놀에타보네이트)(1회용)_(2mg/0.4mL),645305921,568605COS,한림제약(주)
로테프로점안현탁액0.5%(로테프레드놀에타보네이트)_(25mg/5mL),645305521,568603COS,한림제약(주)
로테플러스점안현탁액_(5mL),645306201,680900COS,한림제약(주)
로토씨큐브아쿠아차지아이점안액_(13mL),641905611,D96100COS,(주)보령
로토지파이뉴점안액_(12mL),641900442,D95900COS,(주)보령
로파딘점안액(올로파타딘염산염)_(6.66mg/6mL),645104241,391737COS,대한약품공업(주)
로프레사점안액0.02%(네타르수딜메실산염)_(0.71225mg/2.5mL),665600341,736101COS,한국산텐제약(주)
루미간점안액0.01%(비마토프로스트)_(0.3mg/3mL),624900481,461330COS,한국애브비(주)
루미파이점안액0.025%(브리모니딘타르타르산염)_(1.875mg/7.5mL),664400291,118436COS,(주)바슈헬스코리아
루체에이치에이점안액0.1%(히알루론산나트륨)(1회용)_(0.39mg/0.39mL),648603611,530073COS,(주)씨엠지제약
루체에이치에이점안액0.1%(히알루론산나트륨)_(10mg/10mL),648603452,530029COS,(주)씨엠지제약
루체에이치에이점안액0.1%(히알루론산나트륨)_(6mg/6mL),648603451,530021COS,(주)씨엠지제약
루체에이치에이점안액0.15%(히알루론산나트륨)(1회용)_(0.6mg/0.4mL),648603461,530074COS,(주)씨엠지제약
루체에프점안액(플루오로메톨론)_(6mg/6mL),648603431,161238COS,(주)씨엠지제약
루체엘점안액(레보플록사신)_(30mg/6mL),648603441,183231COS,(주)씨엠지제약
루체오점안액(오플록사신)_(18mg/6mL),648603421,203937COS,(주)씨엠지제약
루체피점안액(올로파타딘염산염)_(6.66mg/6mL),648603491,391737COS,(주)씨엠지제약
루타인점안액(폴리데옥시리보뉴클레오티드나트륨)(1회용)_(0.375mg/0.5mL),690303191,561007COS,(주)라이트팜텍
루핑점안액(1회용)_(0.5mL),642002991,D85800COS,현대약품(주)
룩스씨엠씨점안액(카르복시메틸셀룰로오스나트륨)(1회용)_(2.5mg/0.5mL),648603831,228633COS,(주)씨엠지제약
리디펜점안액(케토티펜푸마르산염)_(4.14mg/6mL),670400441,180138COS,(주)휴온스메디텍
리레보점안액(레보플록사신수화물)_(30mg/6mL),670400471,183231COS,(주)휴온스메디텍
리브롬점안액(브롬페낙나트륨수화물)(1회용)_(0.4mg/0.4mL),670402461,619205COS,(주)휴온스메디텍
리블리스0.15%점안액(히알루론산나트륨)(1회용)_(0.675mg/0.45mL),670401891,530059COS,(주)휴온스메디텍
리블리스0.3%점안액(히알루론산나트륨)(1회용)_(1.35mg/0.45mL),670401901,530064COS,(주)휴온스메디텍
리블리스점안액(히알루론산나트륨)_(0.45mg/0.45mL),670401741,530072COS,(주)휴온스메디텍
리블리스점안액(히알루론산나트륨)_(10mg/10mL),670400433,530029COS,(주)휴온스메디텍
리블리스점안액(히알루론산나트륨)_(6mg/6mL),670400432,530021COS,(주)휴온스메디텍
리스몬티지점안액0.25%(티몰롤말레산염)_(8.55mg/2.5mL),643500711,239632COS,한미약품(주)
리스몬티지점안액0.5%(티몰롤말레산염)_(17.075mg/2.5mL),643500721,239634COS,한미약품(주)
리스포린점안액(사이클로스포린)_(0.2mg/0.4mL),670401521,475130COS,(주)휴온스메디텍
리안점안액(폴리데옥시리보뉴클레오티드나트륨)(1회용)_(0.3mg/0.4mL),662800161,561005COS,(주)파마리서치
리안점안액(폴리데옥시리보뉴클레오티드나트륨)(1회용)_(0.6mg/0.8mL),662800154,561006COS,(주)파마리서치
리오플록점안액(오플록사신)_(18mg/6mL),670400481,203937COS,(주)휴온스메디텍
리쿠아스점안액(디쿠아포솔나트륨)(1회용)_(12mg/0.4mL),670402341,617332COS,(주)휴온스메디텍
리클란점안액(폴리데옥시리보뉴클레오티드나트륨)(1회용)_(0.225mg/0.3mL),653403911,561004COS,동국제약(주)
리타놀점안액(올로파타딘염산염)_(6.66mg/6mL),670400402,391737COS,(주)휴온스메디텍
리타데이점안액0.2%(올로파타딘염산염)_(6.66mg/3mL),670401531,391738COS,(주)휴온스메디텍
리타맥스0.7%점안액(올로파타딘염산염)(1회용)_(2.328mg/0.3mL),670402471,391751COS,(주)휴온스메디텍
리토브라점안액(토브라마이신)_(18mg/6mL),670400451,240834COS,(주)휴온스메디텍
리페낙점안액(디클로페낙나트륨)_(6mg/6mL),670401841,143533COS,(주)휴온스메디텍
리포직이디오점안겔(카보머)_(1.2mg/0.6g),664400271,124207COO,(주)바슈헬스코리아
리포직점안겔(카보머)_(20mg/10g),664400031,124206COO,(주)바슈헬스코리아
리프레쉬티어즈점안액0.5%(카르복시메틸셀룰로오스나트륨)_(75mg/15mL),624900471,228643COS,한국애브비(주)
리프레쉬플러스점안액0.5%(카르복시메틸셀룰로오스나트륨)(1회용)_(2mg/0.4mL),624900541,228632COS,한국애브비(주)
리플루-티점안액_(6mL),670400491,538900COS,(주)휴온스메디텍
리플루점안액(플루오로메톨론)_(6mg/6mL),670400461,161238COS,(주)휴온스메디텍
릴레스타트점안액0.05%(에피나스틴염산염)_(2.5mg/5mL),624900411,152530COS,한국애브비(주)
마이드롭점안액(폴리데옥시리보뉴클레오티드나트륨)(1회용)_(0.375mg/0.5mL),644914891,561007COS,제이더블유중외제약(주)
마이안점안액(폴리데옥시리보뉴클레오티드나트륨)(1회용)_(0.375mg/0.5mL),645306471,561007COS,한림제약(주)
마이오가드점안액0.125%(아트로핀황산염)(1회용)_(0.5mg/0.4mL),690303201,111836COS,(주)라이트팜텍
마이오캡점안액0.125%(아트로핀황산염)(1회용)_(0.5mg/0.4mL),649508611,111836COS,유니메드제약㈜
맥스클리어점안액(카르복시메틸셀룰로오스나트륨)(1회용)_(2.5mg/0.5mL),645305841,228633COS,한림제약(주)
맥스클리어점안액1.0%(카르복시메틸셀룰로오스나트륨)(1회용)_(5mg/0.5mL),645306991,228648COS,한림제약(주)
맥시덱스점안액(덱사메타손)_(5mg/5mL),653603141,141931COS,한국노바티스(주)
맥시트롤점안액_(5mL),653602991,540100COS,한국노바티스(주)
메톨론점안액(플루오로메톨론)_(6mg/6mL),665506742,161238COS,한국유니온제약(주)
모노프로스트점안액(라타노프로스트)(1회용)_(10μg/0.2mL),643903591,181502COS,삼일제약(주)
모록사신점안액0.5%(목시플록사신염산염)_(27.25mg/5mL),643506651,380333COS,한미약품(주)
모아리스점안액_(15mL),644803271,D80400COS,태극제약(주)
모아쿨점안액_(15mL),644803261,D54000COS,태극제약(주)
모아큐어점안액_(14mL),644806491,D69800COS,태극제약(주)
모아티스점안액_(15mL),644803321,D81500COS,태극제약(주)
모이스뷰점안액(트레할로스수화물)(1회용)_(26.528mg/0.8mL),670607151,D49003COS,(주)휴온스
모이스아이뷰점안액(트레할로스수화물)(1회용)_(13.264mg/0.4mL),622803421,D49002COS,(주)마더스제약
모이스타씨엠씨점안액1.0%(카르복시메틸셀룰로오스나트륨)(1회용)_(5mg/0.5mL),670609091,228648COS,(주)휴온스
모이스타점안액(폴리데옥시리보뉴클레오티드나트륨)(1회용)_(0.375mg/0.5mL),670608461,561007COS,(주)휴온스
목시스타점안액(목시플록사신염산염)_(2.18mg/0.4mL),651204711,380331COS,삼천당제약(주)
목시스타점안액(목시플록사신염산염)_(27.25mg/5mL),651203251,380333COS,삼천당제약(주)
목시아인점안액(목시플록사신염산염)_(32.7mg/6mL),671704591,380334COS,주식회사제뉴원사이언스
목시카신점안액(목시플록사신염산염)(1회용)_(2.18mg/0.4mL),643703873,380331COS,국제약품(주)
목시카신점안액(목시플록사신염산염)_(27.25mg/5mL),643703871,380333COS,국제약품(주)
목시타신점안액(목시플록사신염산염)_(27.25mg/5mL),649507871,380333COS,유니메드제약(주)
목시탄점안액(목시플록사신염산염)_(32.7mg/6mL),657307451,380334COS,(주)동구바이오제약
목시트라점안액(목시플록사신염산염)_(32.7mg/6mL),643103881,380334COS,(주)바이넥스
목시포스점안액0.5%(목시플록사신염산염)_(27.25mg/5mL),645304711,380333COS,한림제약(주)
목시프란점안액(목시플록사신염산염)_(32.7mg/6mL),645104381,380334COS,대한약품공업(주)
목시프로점안액(목시플록사신염산염)_(32.7mg/6mL),649002251,380334COS,풍림무약(주)
목시플로점안액(목시플록사신염산염)_(32.7mg/6mL),645603882,380334COS,대화제약(주)
목시플점안액(목시플록사신염산염)_(32.7mg/6mL),649604203,380334COS,대우제약(주)
목시휴점안액(목시플록사신염산염)_(32.7mg/6mL),628801211,380334COS,(주)휴비스트제약
뮤로128점안액2%(염화나트륨)_(20mg/1mL),664400040,228740COS,(주)바슈헬스코리아
뮤로128점안액5%(염화나트륨)_(0.75g/15mL),664400111,228742COS,(주)바슈헬스코리아
미드리아실1%점안액(트로픽아미드)_(0.15g/15mL),652400161,245332COS,한국알콘(주)
미안블루점안액_(14mL),649605421,D90800COS,대우제약(주)
미안점안액(순)_(14mL),641705871,E17200COS,일양약품(주)
미안점안액(쿨)_(14mL),641705872,E17200COS,일양약품(주)
미안점안액(쿨하이)_(14mL),641705873,E17200COS,일양약품(주)
미안케어점안액_(14mL),649605431,D69800COS,대우제약(주)
바로낙점안액(브롬페낙나트륨수화물)(1회용)_(0.4mg/0.4mL),651206161,619205COS,삼천당제약(주)
바로낙점안액(브롬페낙나트륨수화물)_(5mg/5mL),651205361,619202COS,삼천당제약(주)
"바슈롬플루비프로펜나트륨점안액0.03%_(플루르비프로펜나트륨수화물, 0.75mg/2.5mL)",664400071,162030COS,(주)바슈헬스코리아
바이클로스포린점안액(사이클로스포린)_(0.2mg/0.4mL),643103491,475130COS,(주)바이넥스
바티도르점안액_(5mL),664400251,538300COS,(주)바슈헬스코리아
버간점안겔(간시클로버)_(7.5mg/5g),643900431,164630COO,삼일제약(주)
베아놀점안액0.1%(올로파타딘염산염)_(5.55mg/5mL),694000921,391736COS,대웅바이오(주)
베아놀점안액0.2%(올로파타딘염산염)(1회용)_(0.666mg/0.3mL),694003321,391733COS,대웅바이오(주)
베아레인점안액0.1%(히알루론산나트륨)(1회용)_(0.5mg/0.5mL),694001481,530002COS,대웅바이오(주)
베아레인점안액0.1%(히알루론산나트륨)_(5mg/5mL),694000951,530020COS,대웅바이오(주)
베아레인프리점안액0.18%(히알루론산나트륨)_(0.63mg/0.35mL),694000991,530071COS,대웅바이오(주)
베아오플점안액(오플록사신)_(15mg/5mL),694000911,203936COS,대웅바이오(주)
베아포린점안액0.05%(사이클로스포린)_(0.2mg/0.4mL),694000881,475130COS,대웅바이오(주)
베아플론점안액0.1%(플루오로메톨론)_(5mg/5mL),694000901,161237COS,대웅바이오(주)
베타케어에이플러스점안액(폴리소르베이트80)(1회용)_(5mg/0.5mL),698003951,401638COS,(주)제뉴파마
베톱틱-에스점안액(베탁솔롤염산염)_(14mg/5mL),653603221,116830COS,한국노바티스(주)
보낙점안액(브롬페낙나트륨수화물)(1회용)_(0.4mg/0.4mL),649508581,619205COS,유니메드제약(주)
브라이점안액_(12mL),648501291,D90700COS,신풍제약(주)
브로나점안액(브롬페낙나트륨수화물)(1회용)_(0.4mg/0.4mL),654005971,619205COS,아주약품(주)
브로낙점안액(브롬페낙나트륨수화물)(1회용)_(0.4mg/0.4mL),650103181,619205COS,(주)태준제약
브로낙점안액(브롬페낙나트륨수화물)_(0.5mg/0.5mL),650103071,619204COS,(주)태준제약
브로낙점안액(브롬페낙나트륨수화물)_(5mg/5mL),650102781,619202COS,(주)태준제약
브로모낙점안액(브롬페낙나트륨수화물)(1회용)_(0.5mg/0.5mL),674102041,619204COS,(주)옵투스제약
브로아이점안액(브롬페낙나트륨수화물)(1회용)_(0.4mg/0.4mL),643705261,619205COS,국제약품(주)
브로페낙점안액(브롬페낙나트륨수화물)(1회용)_(0.4mg/0.4mL),645306361,619205COS,한림제약(주)
브로페낙점안액(브롬페낙나트륨수화물)_(5mg/5mL),645306291,619202COS,한림제약(주)
브롬아이점안액(브롬페낙나트륨수화물)(1회용)_(0.4mg/0.4mL),698004671,619205COS,(주)제뉴파마
브롬텔라점안액(브롬페낙나트륨수화물)(1회용)_(0.5mg/0.5mL),650206131,619204COS,안국약품(주)
브롬페린점안액(브롬페낙나트륨수화물)(1회용)_(0.5mg/0.5mL),643105871,619204COS,(주)바이넥스
브롬펜점안액(브롬페낙나트륨수화물)(1회용)_(0.45mg/0.45mL),649606111,619207COS,대우제약(주)
브롬펜점안액(브롬페낙나트륨수화물)(1회용)_(0.4mg/0.4mL),649606101,619205COS,대우제약(주)
브롬펜점안액(브롬페낙나트륨수화물)_(6mg/6mL),649606121,619206COS,대우제약(주)
브롬핀점안액(브롬페낙나트륨수화물)(1회용)_(0.5mg/0.5mL),649002511,619204COS,풍림무약(주)
브리딘티점안액0.15%(브리모니딘타르타르산염)(1회용)_(0.45mg/0.3mL),645305951,118434COS,한림제약(주)
브리딘티점안액0.15%(브리모니딘타르타르산염)_(7.5mg/5mL),645304221,118432COS,한림제약(주)
브리딘플러스점안액_(0.3mL),645305071,800200COS,한림제약(주)
브리딘플러스점안액_(5mL),645305131,540900COS,한림제약(주)
브리모텐점안액0.15%(브리모니딘타르타르산염)_(7.5mg/5mL),665600331,118432COS,한국산텐제약(주)
브이페낙점안액(브롬페낙나트륨수화물)(1회용)_(0.4mg/0.4mL),643508531,619205COS,한미약품(주)
비가룩스점안액0.5%(목시플록사신염산염)_(32.7mg/6mL),649101772,380334COS,한국휴텍스제약(주)
비가목스점안액0.5%(목시플록사신염산염)_(27.25mg/5mL),653603081,380333COS,한국노바티스(주)
비가플로점안액0.5%(목시플록사신염산염)_(27.25mg/5mL),658603131,380333COS,이연제약(주)
비바플로점안액_(6mL),684500941,538900COS,화일약품(주)
비비알점안액(히알루론산나트륨)_(6mg/6mL),684500871,530021COS,화일약품(주)
비스메드점안액(히알루론산나트륨)_(0.54mg/0.3mL),620500071,530067COS,에리슨제약(주)
비스메드점안액(히알루론산나트륨)_(18mg/10mL),643705371,5300A4COS,국제약품(주)
비스코트점안액_(0.75mL),652400241,391600COS,한국알콘(주)
비스타에스점안액_(15mL),650202241,D54000COS,안국약품(주)
비오플록점안액(오플록사신)_(18mg/6mL),684500881,203937COS,화일약품(주)
비전블루점안액0.06%(트리판블루)_(0.3mg/0.5mL),80300011,743601COS,(주)제이앰코퍼레이션
비줄타점안액0.024%(라타노프로스틴부노드)_(0.6mg/2.5mL),664400301,694601COS,(주)바슈헬스코리아
비줄타점안액0.024%(라타노프로스틴부노드)_(1.2mg/5mL),664400302,694602COS,(주)바슈헬스코리아
비타놀점안액(올로파타딘염산염)_(6.66mg/6mL),684500931,391737COS,화일약품(주)
비토브라점안액(토브라마이신)(수출명:비토라레점안액)_(18mg/6mL),684500891,240834COS,화일약품(주)
사이프리엠점안액0.05%(사이클로스포린)(1회용)_(2mg/0.4mL),622804011,475130COS,(주)마더스제약
산텐가리유니점안액(피레녹신)_(0.25mg/5mL),665600211,213630COS,한국산텐제약(주)
산텐미드린피점안액_(10mL),665600241,539000COS,한국산텐제약(주)
산텐알레기살점안액(페미로라스트칼륨)_(5mg/5mL),665600221,209630COS,한국산텐제약(주)
산텐플루메토론0.02점안액(플루오로메톨론)_(1mg/5mL),665600261,161232COS,한국산텐제약(주)
산텐플루메토론0.1점안액(플루오로메톨론)_(5mg/5mL),665600251,161237COS,한국산텐제약(주)
산텐히아레인0.1점안액(히알루론산나트륨)_(5mg/5mL),665600201,530020COS,한국산텐제약(주)
센쥬씨엘점안액_(12mL),644901211,D81300COS,제이더블유중외제약(주)
셀론점안액(카르복시메틸셀룰로오스나트륨)(1회용)_(5mg/0.5mL),658604801,228648COS,이연제약(주)
스마일오투점안액(1회용)_(0.9mL),674101421,D64600COS,(주)디에이치피코리아
스마일오투티얼즈점안액(1회용)_(0.4mL),674101321,D80700COS,(주)디에이치피코리아
스마일오투티얼즈점안액(1회용)_(0.5mL),674101341,D80800COS,(주)디에이치피코리아
스마일오투티얼즈점안액(1회용)_(0.9mL),674100871,D81000COS,(주)디에이치피코리아
스마일오투티얼즈점안액_(12mL),674100461,D81300COS,(주)디에이치피코리아
스마일오투티얼즈점안액_(15mL),674100462,D81500COS,(주)디에이치피코리아
시카플루이드점안겔(카보머)_(25mg/10g),643900791,124205COO,삼일제약(주)
시크린뷰점안액_(15mL),644603191,D54000COS,조아제약(주)
시크린소프트 점안액_(15mL),644602141,D81500COS,조아제약(주)
시크린원스점안액(1회용)_(0.5mL),644604311,D92300COS,조아제약(주)
시크린원점안액_(14mL),644603561,D69800COS,조아제약(주)
시크린점안액(순)_(14mL),644604151,E17200COS,조아제약(주)
시크린점안액(쿨)_(14mL),644604152,E17200COS,조아제약(주)
시크린점안액(쿨하이)_(14mL),644604153,E17200COS,조아제약(주)
신도톱쿨점안액_(14mL),643703512,D69800COS,국제약품(주)
신도톱쿨점안액_(15mL),643703511,D90300COS,국제약품(주)
신폴에이점안액_(14mL),651204781,D69800COS,삼천당제약(주)
심브린자점안액_(5mL),653603161,800900COS,한국노바티스(주)
싸이시스점안액(사이클로스포린)_(0.2mg/0.4mL),649604171,475130COS,대우제약(주)
싸이크로질1%점안액(시클로펜톨레이트염산염)_(0.15g/15mL),652400361,138933COS,한국알콘(주)
싸이클렌점안액(사이클로스포린)(1회용)_(0.2mg/0.4mL),645104481,475130COS,대한약품공업(주)
싸이포린엔점안액0.05%(사이클로스포린)_(0.2mg/0.4mL),650102453,475130COS,(주)태준제약
씨데카론에스점안액_(14mL),643103502,D83800COS,(주)바이넥스
씨데카론에스점안액_(15mL),643103501,D83700COS,(주)바이넥스
씨스타리치점안액1.5%(카르복시메틸셀룰로오스나트륨)(1회용)_(6.75mg/0.45mL),649606501,228653COS,대우제약(주)
씨스타점안액(카르복시메틸셀루로오스나트륨)(1회용)_(2.5mg/0.5mL),649606151,228633COS,대우제약(주)
씨스타점안액(카르복시메틸셀룰로오스나트륨)(1회용)_(2.25mg/0.45mL),649606261,228650COS,대우제약(주)
씨스타포르테점안액1%(카르복시메틸셀룰로오스나트륨)(1회용)_(4.5mg/0.45mL),649606231,228651COS,대우제약(주)
씨엠씨프리점안액1.0%(카르복시메틸셀룰로오스나트륨)(1회용)_(5mg/0.5mL),694206341,228648COS,정우신약(주)
씨엠지룩스플러스점안액1.0%(카르복시메틸셀룰로오스나트륨)(1회용)_(5mg/0.5mL),648604631,228648COS,(주)씨엠지제약
씨펙스점안액(시프로플록사신염산염수화물)_(17.5mg/5mL),643900811,134132COS,삼일제약(주)
아나포린점안액0.05%(사이클로스포린)_(0.2mg/0.4mL),654004131,475130COS,아주약품(주)
아루엔점안액(히알루론산나트륨)_(0.35mg/0.35mL),649404861,530053COS,영일제약(주)
아루엔점안액(히알루론산나트륨)_(6mg/6mL),649401314,530021COS,영일제약(주)
아루엔점안액0.15%(히알루론산나트륨)(1회용)(B형)_(0.75mg/0.5mL),649405101,530060COS,영일제약(주)
아이누리점안액0.1%(히알루론산나트륨)(1회용)_(0.5mg/0.5mL),693202051,530002COS,(주)킵스바이오파마
아이누리점안액0.18%(히알루론산나트륨)(1회용)_(0.9mg/0.5mL),693201901,530048COS,(주)킵스바이오파마
아이누리점안액0.3%(히알루론산나트륨)(1회용)_(1.5mg/0.5mL),693201951,530063COS,(주)킵스바이오파마
아이뉴점안액_(14mL),649805292,D85600COS,명문제약(주)
아이레보신점안액(레보플록사신수화물)_(30mg/6mL),643802401,183231COS,신신제약(주)
아이레보점안액0.5%(레보플록사신수화물)_(25mg/5mL),698002461,183230COS,(주)제뉴파마
아이레인점안액(히알루론산나트륨)_(10mg/10mL),698002453,530029COS,(주)제뉴파마
아이레인프리점안액0.15%(히알루론산나트륨)(1회용)_(0.75mg/0.5mL),698004291,530060COS,(주)제뉴파마
아이레인프리점안액0.18%(히알루론산나트륨)(1회용)_(0.81mg/0.45mL),698003651,530069COS,(주)제뉴파마
"아이루비로즈점안액(수출명:로지점안액,아이쿨점안액)_(15mL)",649501331,D87400COS,유니메드제약(주)
아이리스점안액(수출명 : 블루아이점안액)(1회용)_(0.6mL),651204311,D80000COS,삼천당제약(주)
아이리스점안액(수출명 : 블루아이점안액)_(15mL),651201241,D80400COS,삼천당제약(주)
아이리스케어점안액(폴리데옥시리보뉴클레오티드나트륨)(1회용)_(0.375mg/0.5mL),651205681,561007COS,삼천당제약(주)
아이리스플러스점안액(1회용)_(0.7mL),651203701,D92200COS,삼천당제약(주)
아이리스플러스점안액_(10mL),651202561,D91300COS,삼천당제약(주)
아이마린점안액(1회용)_(0.4mL),674100741,D89800COS,(주)디에이치피코리아
아이마린점안액_(10mL),674100711,D91400COS,(주)디에이치피코리아
아이메토론점안액0.1%(플루오로메톨론)_(5mg/5mL),698002482,161237COS,(주)제뉴파마
아이목스점안액0.5%(목시플록사신염산염)_(27.25mg/5mL),643902861,380333COS,삼일제약(주)
아이목시점안액0.5%(목시플록사신염산염)_(32.7mg/6mL),643802561,380334COS,신신제약(주)
아이미루40이엑스골드점안액_(13mL),52000041,E00200COS,라이온코리아주식회사
아이미루40이엑스마일드점안액_(13mL),52000051,E34600COS,라이온코리아주식회사
아이미루40이엑스점안액_(15mL),52000021,D98700COS,라이온코리아주식회사
아이미루콘택트퓨어점안액_(10mL),52000031,D91000COS,라이온코리아주식회사
아이솝점안액_(5mL),643803561,538300COS,신신제약(주)
아이수점안액_(14mL),645305541,D69800COS,한림제약(주)
아이엔점안액(순)_(14mL),649605691,E17200COS,대우제약(주)
아이엔점안액(쿨)_(14mL),649605692,E17200COS,대우제약(주)
아이엔점안액(쿨하이)_(14mL),649605693,E17200COS,대우제약(주)
아이엔젤톡톡점안액(트레할로스수화물)(1회용)_(12mg/0.4mL),649507301,D49002COS,유니메드제약(주)
아이엠씨점안액1%(카르복시메틸셀룰로오스나트륨)(1회용)_(4.5mg/0.45mL),643803671,228651COS,신신제약(주)
아이오피딘0.5%점안액(아프라클로니딘염산염)_(28.75mg/5mL),76100061,109630COS,클리니젠코리아(유)
아이올로점안액(올로파타딘염산염)_(6.66mg/6mL),658202661,391737COS,(주)비보존제약
아이원점안액_(14mL),649805282,D81400COS,명문제약(주)
아이커비스점안액0.1%(시클로스포린)(1회용)_(0.3mg/0.3mL),665600231,475131COS,한국산텐제약(주)
아이케어점안액_(14mL),643101402,D69800COS,(주)바이넥스
아이케어점안액_(15mL),643101401,D90300COS,(주)바이넥스
아이크롬점안액(크로몰린나트륨)_(0.1g/5mL),643802331,228834COS,신신제약(주)
아이클리어점안액_(15mL),684500331,D54000COS,화일약품(주)
아이토브라점안액(토브라마이신)_(18mg/6mL),643802291,240834COS,신신제약(주)
아이토신점안액(토브라마이신)(수출명:비토렉스점안액)_(18mg/6mL),674100122,240834COS,(주)옵투스제약
아이톡씨엠씨점안액(카르복시메틸셀룰로오스나트륨)(1회용)_(2.5mg/0.5mL),641804501,228633COS,광동제약(주)
아이톡씨엠씨점안액1%(카르복시메틸셀룰로오스나트륨)(1회용)_(4.5mg/0.45mL),641807301,228651COS,광동제약(주)
아이톡점안액(트레할로스수화물)(1회용)_(26.528mg/0.8mL),641805861,D49003COS,광동제약(주)
아이투오미니점안액(카르복시메틸셀룰로오스나트륨)(1회용)_(2.5mg/0.5mL),643903661,228633COS,삼일제약(주)
아이투오미니점안액(카르복시메틸셀룰로오스나트륨)(1회용)_(4mg/0.8mL),643903061,228636COS,삼일제약(주)
아이투오민트점안액(카르복시메틸셀룰로오스나트륨)(1회용)_(3mg/0.5mL),643903891,228652COS,삼일제약(주)
아이티어플러스점안액_(15mL),653804531,D86600COS,신일제약(주)
아이티펜점안액(케토티펜푸마르산염)_(4.14mg/6mL),643802391,180138COS,신신제약(주)
아이파딘점안액(올로파타딘염산염)_(6.66mg/6mL),643802351,391737COS,신신제약(주)
아이파타딘0.2%점안액(올로파타딘염산염)_(6.66mg/3mL),698003491,391738COS,(주)제뉴파마
아이펙신점안액(디클로페낙나트륨)_(5mg/5mL),643701611,143532COS,국제약품(주)
아이포레점안액(트레할로스수화물)(1회용)_(13.264mg/0.4mL),698003561,D49002COS,(주)제뉴파마
아이포린점안액0.05%(시클로스포린)(1회용)_(0.2mg/0.4mL),643506151,475130COS,한미약품(주)
아이퓨어점안액(트레할로스수화물)(1회용)_(16.58mg/0.5mL),645306481,D49004COS,한림제약(주)
아이프로점안액(오플록사신)_(18mg/6mL),643802281,203937COS,신신제약(주)
아이플루점안액(플루오로메톨론)_(6mg/6mL),643802301,161238COS,신신제약(주)
아이플루플러스점안액_(6mL),643802311,538900COS,신신제약(주)
"아이필점안액(수출명:나졸라점안액, 나파존점안액)_(10mL)",645301091,D90600COS,한림제약(주)
"아이필점안액(수출명:나졸라점안액, 나파존점안액)_(15mL)",645301092,D54000COS,한림제약(주)
아이히알점안액(히알루론산나트륨)(1회용)_(0.5mg/0.5mL),643802801,530002COS,신신제약(주)
아이히알점안액(히알루론산나트륨)_(10mg/10mL),643802342,530029COS,신신제약(주)
아이히알점안액(히알루론산나트륨)_(6mg/6mL),643802341,530021COS,신신제약(주)
아이히알점안액0.15%(히알루론산나트륨)(1회용)_(0.75mg/0.5mL),643802871,530060COS,신신제약(주)
아이히알점안액0.15%(히알루론산나트륨)_(15mg/10mL),643803362,530037COS,신신제약(주)
아이히알점안액0.15%(히알루론산나트륨)_(9mg/6mL),643803361,530025COS,신신제약(주)
아인쿨점안액(수출명:아이쿨점안액)_(15mL),651201271,D54000COS,삼천당제약(주)
아인쿨프레쉬점안액(1회용)_(0.8mL),651204741,D96600COS,삼천당제약(주)
아좁트점안액(브린졸라미드)_(50mg/5mL),653603031,417530COS,한국노바티스(주)
아큐베일점안액0.45%(케토롤락트로메타민염)(1회용)_(1.8mg/0.4mL),624900431,180030COS,한국애브비(주)
아티펜점안액(푸마르산케토티펜)_(4.14mg/6mL),643101423,180138COS,(주)바이넥스
아티포솔점안액3%(디쿠아포솔나트륨)(1회용)_(12mg/0.4mL),643105531,617332COS,(주)바이넥스
알러비드점안액(올로파타딘염산염)(1회용)_(0.333mg/0.3mL),674101681,391730COS,(주)옵투스제약
알러비드점안액(올로파타딘염산염)_(6.66mg/6mL),674100603,391737COS,(주)옵투스제약
알러비드점안액0.2%(올로파타딘염산염)(1회용)_(0.666mg/0.3mL),674101721,391733COS,(주)옵투스제약
알러비드점안액0.7%(올로파타딘염산염)(1회용)_(2.328mg/0.3mL),674101991,391751COS,(주)옵투스제약
알러콘점안액(케토티펜푸마르산염)_(3.45mg/5mL),643501771,180137COS,한미약품(주)
알러쿨점안액0.1%(아시타자노라스트)_(5mg/5mL),643501781,457731COS,한미약품(주)
알러펜점안액(케토티펜푸마르산염)_(3.45mg/5mL),643900841,180137COS,삼일제약(주)
알레놀점안액(올로파타딘염산염)_(6.66mg/6mL),643103512,391737COS,(주)바이넥스
알레지온엘엑스점안액0.1%(에피나스틴염산염)_(5mg/5mL),665600361,152532COS,한국산텐제약(주)
알레지온점안액0.05%(에피나스틴염산염)_(2.5mg/5mL),665600321,152530COS,한국산텐제약(주)
알레크롬점안액(크로모글리크산나트륨)_(0.12g/6mL),658600692,228835COS,이연제약(주)
알레파타딘점안액(올로파타딘염산염)_(5.55mg/5mL),643703531,391736COS,국제약품(주)
알레파타딘점안액0.2%(올로파타딘염산염)(1회용)_(0.666mg/0.3mL),643703891,391733COS,국제약품(주)
알레파타딘점안액0.2%(올로파타딘염산염)_(6.66mg/3mL),643703881,391738COS,국제약품(주)
알레파타딘점안액0.7%(올로파타딘염산염)(1회용)_(2.328mg/0.3mL),643705331,391751COS,국제약품(주)
알레파타딘점안액0.7%(올로파타딘염산염)_(19.4mg/2.5mL),643704961,391742COS,국제약품(주)
알레프로점안액0.7%(올로파타딘염산염)(1회용)_(2.328mg/0.3mL),643105641,391751COS,(주)바이넥스
알론점안액(히알루론산나트륨)(1회용)_(0.45mg/0.45mL),658603601,530072COS,이연제약(주)
알론점안액(히알우론산나트륨)_(6mg/6mL),658600732,530021COS,이연제약(주)
알론점안액0.15%(히알루론산나트륨)(1회용)_(0.675mg/0.45mL),658603611,530059COS,이연제약(주)
알론점안액0.15%(히알루론산나트륨)_(7.5mg/5mL),658603451,530054COS,이연제약(주)
알론점안액0.18%(히알루론산나트륨)(1회용)_(0.63mg/0.35mL),658603541,530071COS,이연제약(주)
알리놀점안액(올로파타딘염산염)_(5.55mg/5mL),643902911,391736COS,삼일제약(주)
알리무스점안액0.1%(타크로리무스수화물)_(5.1mg/5mL),650103261,234231COS,(주)태준제약
알카인0.5%점안액(푸로파라카인염산염)_(75mg/15mL),652400441,219631COS,한국알콘(주)
알콘아트로핀황산염1%점안제(아트로핀황산염수화물)_(0.15g/15ml),652400751,111833COS,한국알콘(주)
알파간피점안액0.15%(브리모니딘타르타르산염)_(7.5mg/5mL),624900511,118432COS,한국애브비(주)
알파데이점안액0.2%(올로파타딘염산염)_(0.6mg/0.3mL),650103031,391733COS,(주)태준제약
알파데이점안액0.2%(올로파타딘염산염)_(6.66mg/3mL),650102511,391738COS,(주)태준제약
알파몬피점안액0.15%(브리모니딘타르타르산염)_(7.5mg/5mL),643703571,118432COS,국제약품(주)
알파벨라점안액(브리모니딘타르타르산염)(1회용)_(0.45mg/0.3mL),643308621,118434COS,(주)종근당
에디펜점안액(케토티펜푸마르산염)_(4.14mg/6mL),649601642,180138COS,대우제약(주)
에스솝점안액_(0.25mL),651203781,541700COS,삼천당제약(주)
에스솝점안액_(5mL),651203651,538300COS,삼천당제약(주)
에스포린점안액0.05%(사이클로스포린)_(0.2mg/0.4mL),651203681,475130COS,삼천당제약(주)
에이룩스점안액(사이클로스포린)(1회용)_(0.2mg/0.4mL),648603511,475130COS,(주)씨엠지제약
에이베리스점안액0.002%(오미데네팍이소프로필)(1회용)_(6μg/0.3mL),665600351,692802COS,한국산텐제약(주)
에이베리스점안액0.002%(오미데네팍이소프로필)_(0.05mg/2.5mL),665600301,692801COS,한국산텐제약(주)
에이프레쉬점안액(카르복시메틸셀룰로오스나트륨)(1회용)_(4.5mg/0.45mL),654006111,228651COS,아주약품(주)
에펙신점안액(오플록사신)_(15mg/5mL),642901311,203936COS,일동제약(주)
엑솔점안액0.1%(올로파타딘염산염)_(5.55mg/5mL),654003821,391736COS,아주약품(주)
엑솔점안액0.2%(올로파타딘염산염)_(6.66mg/3mL),654005081,391738COS,아주약품(주)
엑솔점안액0.7%(올로파타딘염산염)(1회용)_(2.328mg/0.3mL),654006211,391751COS,아주약품(주)
엔스포린점안액0.05%(사이클로스포린)(1회용)_(0.2mg/0.4mL),649001711,475130COS,풍림무약(주)
엘라좁점안현탁액_(6mL),653603191,541300COS,한국노바티스(주)
오라록신점안액(오플록사신)_(18mg/6mL),649104052,203937COS,한국휴텍스제약(주)
오로메토론점안액(플루오로메톨론)_(6mg/6mL),649104082,161238COS,한국휴텍스제약(주)
오로메토론투점안액_(6mL),649104072,538900COS,한국휴텍스제약(주)
오로비트점안액(오플록사신)_(18mg/6mL),661904321,203937COS,영풍제약(주)
오로신점안액0.3%(오플록사신)_(15mg/5mL),643501941,203936COS,한미약품(주)
오록사신점안액(오플록사신)_(18mg/6mL),628801221,203937COS,(주)휴비스트제약
"오큐라신점안액(토브라마이신)(수출명: OcuRacin 오큐라신, BeeOcuRacin 비오큐라신, Samitot 사미토트)_(15mg/5mL)",643901021,240833COS,삼일제약(주)
오큐레보점안액0.5%(레보플록사신수화물)_(25mg/5mL),643901031,183230COS,삼일제약(주)
오큐레보점안액1.5%(레보플록사신수화물)_(75mg/5mL),643903801,183243COS,삼일제약(주)
오큐메토론점안액0.02%(플루오로메톨론)(수출명:OcuMetholone)_(1mg/5mL),643901041,161232COS,삼일제약(주)
오큐메토론점안액0.1%(플루오로메톨론)(수출명:OcuMetholone)_(5mg/5mL),643901051,161237COS,삼일제약(주)
오큐시스모이스처점안액1.0%(카르복시메틸셀룰로오스나트륨)(1회용)_(5mg/0.5mL),670402441,228648COS,(주)휴온스메디텍
오큐시스점안액(트레할로스수화물)(1회용)_(16.58mg/0.5mL),670402221,D49004COS,(주)휴온스메디텍
오큐올로점안액0.7%(올로파타딘염산염)_(19.4mg/2.5mL),643903781,391742COS,삼일제약(주)
오큐카르핀점안액2%(필로카르핀염산염)_(0.2g/10mL),643901091,212331COS,삼일제약(주)
오큐프록스점안액(오플록사신)_(15mg/5mL),643901201,203936COS,삼일제약(주)
오큐플리딘점안액(트리플루리딘)(수출명: OcuFridine)_(50mg/5mL),643901241,244030COS,삼일제약(주)
오큐호마핀점안액(호마트로핀브롬화수소산염)(수출명:OcuHomapine)_(0.1g/5mL),643901251,169130COS,삼일제약(주)
오클점안액(토브라마이신)_(15mg/5mL),645301271,240833COS,한림제약(주)
오토론점안액0.02%(플루오로메톨론)_(1mg/5mL),649404711,161232COS,영일제약(주)
오트라점안액(오플록사신)_(18mg/6mL),643101574,203937COS,(주)바이넥스
오팍신점안액(오플록사신)_(18mg/6mL),657307571,203937COS,(주)동구바이오제약
"오페란점안액(오플록사신)(수출명:비플록사신점안액,픽소미나점안액)_(15mg/5mL)",643701851,203936COS,국제약품(주)
오폴로점안액(오플록사신)_(18mg/6mL),693201541,203937COS,(주)킵스바이오파마
오푸스점안액(오플록사신)_(15mg/5mL),651201422,203936COS,삼천당제약(주)
오푸아인점안액(오플록사신)(수출명: Oflockey Eye drop)_(18mg/6mL),671703741,203937COS,주식회사제뉴원사이언스
오프란점안액(오플록사신)_(18mg/6mL),645104211,203937COS,대한약품공업(주)
오프록점안액(오플록사신)_(18mg/6mL),649001002,203937COS,풍림무약(주)
오프벨라점안액(오플록사신)_(15mg/5mL),643302101,203936COS,(주)종근당
옥타신점안액(오플록사신)(수출명:유니타신점안액)(군납명 : 오플록사신점안액5ML(1ML중 오플록사신3MG))_(15mg/5mL),649501931,203936COS,유니메드제약(주)
올레원점안액0.1%(올로파타딘염산염)_(6.66mg/6mL),657807091,391737COS,하나제약(주)
올레원점안액0.2%(올로파타딘염산염)_(6.66mg/3mL),657807101,391738COS,하나제약(주)
올로닉스점안액0.2%(올로파타딘염산염)(1회용)_(0.666mg/0.3mL),641807431,391733COS,광동제약(주)
올로루체점안액0.2%(올로파타딘염산염)(1회용)_(0.666mg/0.3mL),648604311,391733COS,(주)씨엠지제약
올로벨라0.2에스디점안액(올로파타딘염산염)(1회용)_(0.666mg/0.3mL),643307901,391733COS,(주)종근당
올로벨라점안액0.1%(올로파타딘염산염)_(5.55mg/5mL),643306841,391736COS,(주)종근당
올로비드엠점안액0.7%(올로파타딘염산염)_(19.4mg/2.5mL),622804901,391742COS,(주)마더스제약
올로아이점안액0.2%(올로파타딘염산염)_(6.66mg/3mL),658203451,391738COS,(주)비보존제약
올로원스점안액(올로파타딘염산염)(1회용)_(0.888mg/0.4mL),645307141,391744COS,한림제약(주)
올로원스점안액(올로파타딘염산염)_(0.666mg/0.3mL),645304481,391733COS,한림제약(주)
올로원스점안액(올로파타딘염산염)_(6.66mg/3mL),645304401,391738COS,한림제약(주)
올로타딘점안액0.1%(올로파타딘염산염)_(5.55mg/5mL),643505701,391736COS,한미약품(주)
올로타딘점안액0.7%(올로파타딘염산염)_(19.4mg/2.5mL),643508071,391742COS,한미약품(주)
올로텐점안액(올로파타딘염산염)_(0.333mg/0.3mL),651203841,391730COS,삼천당제약(주)
올로텐점안액(올로파타딘염산염)_(5.55mg/5mL),651203351,391736COS,삼천당제약(주)
올로텐플러스점안액(올로파타딘염산염)_(0.666mg/0.3mL),651204051,391733COS,삼천당제약(주)
올로텐플러스점안액(올로파타딘염산염)_(6.66mg/3mL),651203711,391738COS,삼천당제약(주)
올로텐하이0.7%점안액(올로파타딘염산염)(1회용)_(2.328mg/0.3mL),651205861,391751COS,삼천당제약(주)
올로텐하이0.7%점안액(올로파타딘염산염)(1회용)_(27.16mg/3.5mL),651205423,391748COS,삼천당제약(주)
올로텐하이0.7%점안액(올로파타딘염산염)_(23.28mg/3mL),651205422,391747COS,삼천당제약(주)
올로텔라점안액0.2%(올로파타딘염산염)(1회용)_(0.666mg/0.3mL),650206071,391733COS,안국약품(주)
올로파놀점안액(올로파타딘염산염)_(0.444mg/0.4mL),645304231,391731COS,한림제약(주)
올로파놀점안액(올로파타딘염산염)_(5.55mg/5mL),645304141,391736COS,한림제약(주)
올로파딘점안액(올로파타딘염산염)_(6.66mg/6mL),628801311,391737COS,(주)휴비스트제약
올로파딘점안액0.2%(올로파타딘염산염)_(6.66mg/3mL),628801351,391738COS,(주)휴비스트제약
올로파워점안액0.7%(올로파타딘염산염)(1회용)_(3.104mg/0.4mL),645306721,391752COS,한림제약(주)
올로파워점안액0.7%(올로파타딘염산염)_(19.4mg/2.5mL),645306451,391742COS,한림제약(주)
올로파점안액(올로파타딘염산염)_(5.55mg/5mL),645604011,391736COS,대화제약(주)
올타딘점안액(올로파타딘염산염)_(6.66mg/6mL),649001122,391737COS,풍림무약(주)
올타딘점안액0.2%(올로파타딘염산염)(1회용)_(0.666mg/0.3mL),649002051,391733COS,풍림무약(주)
올타딘점안액0.7%(올로파타딘염산염)(1회용)_(2.328mg/0.3mL),649002451,391751COS,풍림무약(주)
올타딘점안액0.7%(올로파타딘염산염)_(23.28mg/3mL),649002441,391747COS,풍림무약(주)
올파데이점안액(올로파타딘염산염)_(6.66mg/3mL),657307531,391738COS,(주)동구바이오제약
올파딘점안액(올로파타딘염산염)_(6.66mg/6mL),657307471,391737COS,(주)동구바이오제약
옵살로신점안액(목시플록사신염산염)(1회용)_(2.18mg/0.4mL),674100791,380331COS,(주)옵투스제약
옵살로신점안액(목시플록사신염산염)_(27.25mg/5mL),674100501,380333COS,(주)옵투스제약
"옵타낙점안액(디클로페낙나트륨)(수출명: Optanac 옵타낙, Saminlac 사민락)_(5mg/5mL)",643901271,143532COS,삼일제약(주)
옵타란점안액(프레드니솔론아세테이트)_(6mg/5mL),649501963,217133COS,유니메드제약(주)
옵타론점안액(플루오로메톨론)_(5mg/5mL),654001431,161237COS,아주약품(주)
옵타벨라점안액(플루오로메톨론)(1회용)_(0.4mg/0.4mL),643307981,161242COS,(주)종근당
옵타벨라점안액(플루오로메톨론)(1회용)_(0.6mg/0.6mL),643307991,161231COS,(주)종근당
옵타벨라점안액(플루오로메톨론)_(5mg/5mL),643308001,161237COS,(주)종근당
옵타젠트점안액(포비돈)_(0.2g/10mL),643901281,216134COS,삼일제약(주)
옵트클린점안액_(14mL),649805272,D69800COS,명문제약(주)
옵티마이점안액(토브라마이신)_(18mg/6mL),658600902,240834COS,이연제약(주)
옵티브이점안액0.1%(플루오로메톨론)(1회용)_(0.45mg/0.45mL),658603971,161244COS,이연제약(주)
옵티브이점안액0.1%(플루오로메톨론)_(6mg/6mL),658601002,161238COS,이연제약(주)
옵티브이플러스점안액_(6mL),658601961,538900COS,이연제약(주)
옵티블루점안액_(14mL),656004681,D85600COS,(주)시어스제약
옵티어즈점안액_(14mL),656004691,D81400COS,(주)시어스제약
옵티잘탄점안액(라타노프로스트)_(0.125mg/2.5mL),658601021,181531COS,이연제약(주)
옵티큐어점안액_(14mL),656004731,D69800COS,(주)시어스제약
옵티파딘점안액(올로파타딘염산염)_(5.55mg/5mL),658602611,391736COS,이연제약(주)
옵티파딘점안액0.2%(올로파타딘염산염)(1회용)_(0.666mg/0.3mL),658604041,391733COS,이연제약(주)
옵티포린점안액0.05%(사이클로스포린)_(0.2mg/0.4mL),658603211,475130COS,이연제약(주)
옵티푸로점안액(오플록사신)_(18mg/6mL),658601052,203937COS,이연제약(주)
옵티프레디점안액(프레드니솔론아세테이트)_(0.1g/10mL),658604631,217132COS,이연제약(주)
옵틱플루점안액(플루오로메톨론)_(6mg/6mL),657307481,161238COS,(주)동구바이오제약
원스아이점안액1%(카르복시메틸셀룰로오스나트륨)(1회용)_(5mg/0.5mL),643705351,228648COS,국제약품(주)
원앤데이후레쉬점안액(1회용)_(0.4mL),674101351,D89900COS,(주)디에이치피코리아
원앤데이후레쉬점안액(1회용)_(0.5mL),674101361,D92300COS,(주)디에이치피코리아
원앤데이후레쉬점안액(1회용)_(0.7mL),674100811,D91900COS,(주)디에이치피코리아
원타임프레쉬점안액(카르복시메틸셀룰로오스나트륨)(1회용)_(2.5mg/0.5mL),649506921,228633COS,유니메드제약(주)
원타임프레쉬점안액(카르복시메틸셀룰로오스나트륨)(1회용)_(2mg/0.4mL),649506801,228632COS,유니메드제약(주)
원포솔점안액(디쿠아포솔나트륨)(1회용)_(12mg/0.4mL),657807401,617332COS,하나제약(주)
원프레쉬점안액1%(카르복시메틸셀룰로오스나트륨)(1회용)_(5mg/0.5mL),657808041,228648COS,하나제약(주)
유니렌점안액_(15mL),649502172,539300COS,유니메드제약(주)
유니메론점안액_(5mL),649502291,538800COS,유니메드제약(주)
유니알디스포점안액0.1%(히알루론산나트륨)(1회용)_(3mg/3mL),649507271,530019COS,유니메드제약(주)
유니알디스포점안액0.1%(히알루론산나트륨)_(0.45mg/0.45mL),649506981,530072COS,유니메드제약(주)
유니알디스포점안액0.15%(히알루론산나트륨)(1회용)_(0.675mg/0.45mL),649507711,530059COS,유니메드제약(주)
유니알디스포점안액0.15%(히알루론산나트륨)_(15mg/10mL),649508161,530037COS,유니메드제약(주)
유니알디스포점안액0.15%(히알루론산나트륨)_(22.5mg/15mL),649508167,5300B9COS,유니메드제약(주)
유니알디스포점안액0.18%(히알루론산나트륨)_(0.63mg/0.35mL),649507111,530071COS,유니메드제약(주)
유니알디스포점안액0.18%(히알루론산나트륨)_(18mg/10mL),649508241,530042COS,유니메드제약(주)
유니알디스포점안액0.18%(히알루론산나트륨)_(19.8mg/11mL),649508691,5300C4COS,유니메드제약(주)
유니알디스포점안액0.18%(히알루론산나트륨)_(27mg/15mL),649508251,5300C1COS,유니메드제약(주)
유니알디스포점안액0.3%(히알루론산나트륨)_(1.05mg/0.35mL),649507161,530065COS,유니메드제약(주)
유니알점안액(히알루론산나트륨)_(10mg/10mL),649502612,530029COS,유니메드제약(주)
유니알점안액(히알루론산나트륨)_(5mg/5mL),649502611,530020COS,유니메드제약(주)
유니텐점안액(케토티펜푸마르산염)_(3.45mg/5mL),649503061,180137COS,유니메드제약(주)
유니티어즈점안액(1회용)_(0.4mL),649507951,E23700COS,유니메드제약(주)
유니파딘점안액0.1%(올로파타딘염산염)_(6.66mg/6mL),665507312,391737COS,한국유니온제약(주)
유앤아이프레쉬점안액(카르복시메틸셀룰로오스나트륨)(1회용)_(4mg/0.8mL),644502461,228636COS,(주)유유제약
이즈바점안액0.003%(트라보프로스트)_(75μg/2.5mL),653603121,442231COS,한국노바티스(주)
"이지드롭점안액(수출명:아티피셜티어즈점안액, 제티어점안액, 게리케어아티피셜티어즈점안액)_(12mL)",645301413,D86300COS,한림제약(주)
"이지드롭점안액(수출명:아티피셜티어즈점안액, 제티어점안액, 게리케어아티피셜티어즈점안액)_(15mL)",645301411,D86200COS,한림제약(주)
인프레쉬에프점안액1.5%(카르복시메틸셀룰로오스나트륨)(1회용)_(6.75mg/0.45mL),650103311,228653COS,(주)태준제약
일양투아이블루점안액_(14mL),641705401,D90800COS,일양약품(주)
일양투아이케어점안액_(14mL),641705391,D69800COS,일양약품(주)
잘라콤점안액_(2.5mL),73400021,540600COS,비아트리스코리아(주)
잘라탄점안액50㎍/㎖(라타노프로스트)(1회용)_(10μg/0.2mL),73400131,181502COS,비아트리스코리아(주)
잘라탄점안액50㎍/㎖(라타노프로스트)_(0.125mg/2.5mL),73400141,181531COS,비아트리스코리아(주)
잘로스트S점안액(라타노프로스트)_(10μg/0.2mL),650103191,181502COS,(주)태준제약
"잘로스트점안액(라타노프로스트)(수출명:뉴잘로스트점안액,NEWXALOSTOphthalmicsolution)_(0.125mg/2.5mL)",650100941,181531COS,(주)태준제약
"잘로스트점안액(라타노프로스트)(수출명:뉴잘로스트점안액,NEWXALOSTOphthalmicsolution)_(0.15mg/3mL)",650100942,181532COS,(주)태준제약
잘로스트플러스점안액_(2.5mL),650100951,540600COS,(주)태준제약
잘타라노점안액(라타노프로스트)_(0.125mg/2.5mL),649606411,181531COS,대우제약(주)
제노벨라0.18에스디점안액(히알루론산나트륨)(1회용)_(0.9mg/0.5mL),643307891,530048COS,(주)종근당
제노벨라0.1에스디점안액(히알루론산나트륨)(1회용)_(0.5mg/0.5mL),643307931,530002COS,(주)종근당
제노벨라0.3에스디점안액(히알루론산나트륨)(1회용)_(1.35mg/0.45mL),643307851,530064COS,(주)종근당
제노벨라점안액0.1%(히알루론산나트륨)_(5mg/5mL),643306871,530020COS,(주)종근당
제이레인점안액(히알루론산나트륨)(1회용)_(0.5mg/0.5mL),658203001,530002COS,(주)비보존제약
제이레인점안액(히알루론산나트륨)(1회용)_(0.9mg/0.9mL),658202571,530007COS,(주)비보존제약
제이레인점안액(히알루론산나트륨)_(6mg/6mL),658200972,530021COS,(주)비보존제약
제이레인점안액0.15%(히알루론산나트륨)(1회용)_(0.6mg/0.4mL),658203701,530074COS,(주)비보존제약
제이티펜점안액(케토티펜푸마르산염)_(4.14mg/6mL),658601971,180138COS,이연제약(주)
제티솝점안액_(5mL),649604091,538300COS,대우제약(주)
"제티이솝에스점안액(1회용)(도르졸라미드염산염,티몰롤말레산염)_(0.4mL)",664102971,541900COS,하이플생명과학(주)
"참스점안액(수출명 : 오클라비타점안액,민드랍점안액)_(15mL)",649503641,D93700COS,유니메드제약(주)
참클로람페니콜점안액(수출명:게라펜점안액)_(50mg/10mL),649503851,131030COS,유니메드제약(주)
"참훌루오로메토론0.1%점안액(수출명:훌루론0.1%점안액,유니훌루오롬0.1%점안액) (군납용:플루오로메톨론 점안액 0.1% 5M)_(5mg/5mL)",649503921,161237COS,유니메드제약(주)
청나점안액_(14mL),643102013,D90800COS,(주)바이넥스
청나점안액_(15mL),643102011,D54000COS,(주)바이넥스
카롤점안액(염산카르테올롤)_(0.1g/5mL),651201561,124833COS,삼천당제약(주)
카밀레쿨점안액_(14mL),643703252,D90800COS,국제약품(주)
카밀레쿨점안액_(15mL),643703251,D54000COS,국제약품(주)
카바스타점안액(레보플록사신수화물)_(25mg/5mL),645604281,183230COS,대화제약(주)
카보아이점안액1%(카르복시메틸셀룰로오스나트륨)(1회용)_(5mg/0.5mL),52402241,228648COS,(주)인트로바이오파마
카복텔라점안액(카르복시메틸셀룰로오스나트륨)(1회용)_(4.5mg/0.45mL),650206051,228651COS,안국약품(주)
카이닉스2점안액(히알루론산나트륨)(1회용)_(0.9mg/0.5mL),670607661,530048COS,(주)휴온스
카이닉스2점안액(히알루론산나트륨)_(0.63mg/0.35mL),670607411,530071COS,(주)휴온스
카이닉스3점안액(히알루론산나트륨)(1회용)_(1.5mg/0.5mL),670607941,530063COS,(주)휴온스
카이닉스점안액(히알루론산나트륨)(1회용)_(0.5mg/0.5mL),670607641,530002COS,(주)휴온스
카이닉스점안액(히알루론산나트륨)_(0.35mg/0.35mL),670607381,530053COS,(주)휴온스
칼테점안액2%(카르테올롤염산염)_(0.1g/5mL),645301701,124833COS,한림제약(주)
케토린점안액(케토티펜푸마르산염)_(4.14mg/6mL),628801291,180138COS,(주)휴비스트제약
케토핀프리점안액(케토티펜푸마르산염)(1회용)(수출명:다티펜점안액)_(0.3105mg/0.45mL),674101241,180147COS,(주)옵투스제약
케토핀프리점안액(푸마르산케토티펜)(1회용)(수출명:다티펜점안액)_(0.345mg/0.5mL),674101251,180132COS,(주)디에이치피코리아
케프란점안액(푸마르산케토티펜)(수출명:케토레그점안액)_(3.45mg/5mL),651201591,180137COS,삼천당제약(주)
코도르에스점안액_(0.4mL),670606201,541900COS,(주)휴온스
코솝에스점안액_(0.2mL),665600191,541500COS,한국산텐제약(주)
코솝점안액_(5mL),665600161,538300COS,한국산텐제약(주)
콤비간점안액_(5mL),624900501,540900COS,한국애브비(주)
콤비솝점안액_(5mL),650102301,538300COS,(주)태준제약
퀴노비드점안액(오플록사신)(수출명:오크포점안액)_(15mg/5mL),645301751,203936COS,한림제약(주)
큐레복스점안액(레보플록사신수화물)_(25mg/5mL),650102461,183230COS,(주)태준제약
큐아렌점안액_(10mL),643901511,539200COS,삼일제약(주)
큐알론점안액(히알루론산나트륨)(1회용)_(0.45mg/0.45mL),643704561,530072COS,국제약품(주)
큐알론점안액(히알루론산나트륨)_(10mg/10mL),643702164,530029COS,국제약품(주)
큐알론점안액(히알루론산나트륨)_(5mg/5mL),643702161,530020COS,국제약품(주)
큐알론점안액0.15%(히알루론산나트륨)(1회용)_(0.75mg/0.5mL),643704311,530060COS,국제약품(주)
큐알론점안액0.18%(히알루론산나트륨)(1회용)_(0.81mg/0.45mL),643704571,530069COS,국제약품(주)
큐알론점안액0.3%(히알루론산나트륨)(1회용)_(1.5mg/0.5mL),643704601,530063COS,국제약품(주)
큐티스점안액_(0.8mL),645305401,D80900COS,한림제약(주)
큐티스점안액_(10mL),645301771,D81200COS,한림제약(주)
큐티스점안액_(12mL),645301773,D81300COS,한림제약(주)
큐티스점안액_(15mL),645301772,D81500COS,한림제약(주)
크라보신점안액(레보플록사신수화물)_(25mg/5mL),694003831,183230COS,대웅바이오(주)
크라비트점안액(레보플록사신 수화물)_(25mg/5mL),665600031,183230COS,한국산텐제약(주)
크라비트점안액1.5%(레보플록사신수화물)_(75mg/5mL),665600291,183243COS,한국산텐제약(주)
크라프록신점안액(레보플록사신수화물)_(30mg/6mL),649104122,183231COS,한국휴텍스제약(주)
크록사신점안액(레보플록사신수화물)_(30mg/6mL),654005101,183231COS,아주약품(주)
크록사신점안액1.5%(레보플록사신수화물)_(75mg/5mL),654006171,183243COS,아주약품(주)
크리벤트점안액(크로몰린나트륨)_(0.1g/5mL),651201751,228834COS,삼천당제약(주)
크릭스점안액(트라닐라스트)_(25mg/5mL),644903981,242630COS,제이더블유중외제약(주)
클레신점안액(크로모글리크산나트륨)_(0.1g/5mL),645301791,228834COS,한림제약(주)
클레어점안액(카르복시메틸셀룰로오스나트륨)(1회용)_(2mg/0.4mL),671707171,228632COS,주식회사제뉴원사이언스
클레어점안액1.0%(카르복시메틸셀룰로오스나트륨)(1회용)_(5mg/0.5mL),671707291,228648COS,주식회사제뉴원사이언스
클레이셔점안액(시클로스포린)_(0.2mg/0.4mL),670605941,475130COS,(주)휴온스
클로안에스큐점안액_(14mL),649507401,D69800COS,유니메드제약(주)
클로안에프점안액(수출명:참술점안액)_(15mL),649502752,D91600COS,유니메드제약(주)
클로페낙점안액(디클로페낙나트륨)_(5mg/5mL),651204771,143532COS,삼천당제약(주)
클리데이0.2%점안액(올로파타딘염산염)_(6.66mg/3mL),642904801,391738COS,일동제약(주)
클리드점안액_(10mL),651201791,539200COS,삼천당제약(주)
클리원점안액_(10mL),657807441,539200COS,하나제약(주)
키톨락점안액0.5%(케토롤락트로메타민염)_(25mg/5mL),643504041,180032COS,한미약품(주)
타리비드점안액(오플록사신)_(15mg/5mL),665600141,203936COS,한국산텐제약(주)
타파딘점안액(올로파타딘염산염)_(6.66mg/6mL),693201551,391737COS,(주)킵스바이오파마
타파딘점안액0.2%(올로파타딘염산염)(1회용)_(0.777mg/0.35mL),693202351,391743COS,(주)킵스바이오파마
타프콤점안액(1회용)_(0.3mL),665600311,687500COS,한국산텐제약(주)
타프콤점안액_(2.5mL),665600131,801000COS,한국산텐제약(주)
타플로탄-에스점안액0.0015%(타플루프로스트)_(4.5μg/0.3mL),665600111,509030COS,한국산텐제약(주)
타플로탄점안액0.0015%(타플루프로스트)_(37.5μg/2.5mL),665600091,509031COS,한국산텐제약(주)
테라아인점안액_(6mL),671705051,538900COS,주식회사제뉴원사이언스
텔비트점안액(오플록사신)(수출명:필테라빗점안액)_(15mg/5mL),649602311,203936COS,대우제약(주)
텔비트점안액(오플록사신)(수출명:필테라빗점안액)_(18mg/6mL),649602312,203937COS,대우제약(주)
토라미신점안액0.3%(토브라마이신)_(15mg/5mL),643502891,240833COS,한미약품(주)
토라신점안액(토브라마이신)_(15mg/5mL),651201851,240833COS,삼천당제약(주)
토라원점안액(토브라마이신)_(18mg/6mL),657806801,240834COS,하나제약(주)
토바신점안액(토브라마이신)(수출명:유니토바점안액)(군납명: 토브라마이신안용액(0.3% 5ml))_(15mg/5mL),649504271,240833COS,유니메드제약(주)
토바아인점안액(토브라마이신)_(18mg/6mL),671704321,240834COS,주식회사제뉴원사이언스
토베란점안액(토브라마이신)(수출명:필토베란점안액)_(15mg/5mL),649602351,240833COS,대우제약(주)
토베란점안액(토브라마이신)(수출명:필토베란점안액)_(18mg/6mL),649602352,240834COS,대우제약(주)
"토베손점안액(수출명:필토베손점안액,덱스티어점안액)_(5mL)",649602381,538100COS,대우제약(주)
"토베손점안액(수출명:필토베손점안액,덱스티어점안액)_(6mL)",649602382,538200COS,대우제약(주)
토브라덱스점안액_(5mL),653603001,538100COS,한국노바티스(주)
토브라점안액(토브라마이신)_(15mg/5mL),641602431,240833COS,(주)대웅제약
토브란점안액(토브라마이신)_(18mg/6mL),649402552,240834COS,영일제약(주)
토브렉스0.3%점안액(토브라마이신)_(15mg/5mL),653603021,240833COS,한국노바티스(주)
토브아이점안액(토브라마이신)_(18mg/6mL),658202652,240834COS,(주)비보존제약
토브점안액(토브라마이신)_(18mg/6mL),649104092,240834COS,한국휴텍스제약(주)
토비스타점안액(토브라마이신)_(18mg/6mL),693201561,240834COS,(주)킵스바이오파마
토아이신점안액(토브라마이신)_(18mg/6mL),643101787,240834COS,(주)바이넥스
토이신점안액(토브라마이신)_(18mg/6mL),628801201,240834COS,(주)휴비스트제약
"톨론점안액(플루오로메톨론)(수출명:필톨론점안액, TOLONEYE eye drops) (수출명:Fuorometholone eye drops, Flumeton Eye Drops)_(0.45mg/0.45mL)",651204721,161244COS,삼천당제약(주)
"톨론점안액(플루오로메톨론)(수출명:필톨론점안액, TOLONEYE eye drops) (수출명:Fuorometholone eye drops, Flumeton Eye Drops)_(5mg/5mL)",651201881,161237COS,삼천당제약(주)
톨론티점안액(1회용)_(0.4mL),651205341,642200COS,삼천당제약(주)
톨론티점안액_(5mL),651205001,538800COS,삼천당제약(주)
투리온점안액(베포타스틴베실산염)_(75mg/5mL),643903701,453930COS,삼일제약(주)
트라바탄점안액0.004%(트라보프로스트)_(0.1mg/2.5mL),653603071,442230COS,한국노바티스(주)
"트로나점안액(토브라마이신)(수출명:국제트로나점안액,비제토신점안액)_(15mg/5mL)",643702271,240833COS,국제약품(주)
"트로페린점안액(트로픽아미드,페닐레프린)(1회용)_(0.8mL)",643505741,515400COS,한미약품(주)
트루솝점안액(도르졸라미드염산염)_(0.1113g/5mL),665600181,148830COS,한국산텐제약(주)
티나아이점안액_(10mL),645803522,D81200COS,한솔신약(주)
티나아이점안액_(14mL),645803525,D81400COS,한솔신약(주)
티나청포르테점안액_(15mL),645803961,D54000COS,한솔신약(주)
티나케어점안액_(10mL),645803502,D90100COS,한솔신약(주)
티나케어점안액_(12mL),645803503,D90200COS,한솔신약(주)
티나케어점안액_(14mL),645803505,D69800COS,한솔신약(주)
티나케어점안액_(15mL),645803504,D90300COS,한솔신약(주)
티나케어점안액_(5mL),645803501,D90000COS,한솔신약(주)
티모프틱0.5%점안액(티몰롤말레산염)_(34.15mg/5mL),665600171,239636COS,한국산텐제약(주)
티모프틱엑스이0.5%점안액(티몰롤말레산염)_(17.1mg/2.5mL),665600151,239634COS,한국산텐제약(주)
티스포린점안액0.05%(사이클로스포린)_(0.2mg/0.4mL),645304921,475130COS,한림제약(주)
티아렌점안액(히알루론산나트륨)(1회용)_(0.45mg/0.45mL),654005221,530072COS,아주약품(주)
티아렌점안액0.15%(히알루론산나트륨)(1회용)_(0.675mg/0.45mL),654005271,530059COS,아주약품(주)
티아렌점안액0.18%(히알루론산나트륨)(1회용)_(0.9mg/0.5mL),654005941,530048COS,아주약품(주)
티어드롭점안액2%(포비돈)_(0.2g/10mL),643503091,216134COS,한미약품(주)
티어린에스점안액(히알루론산나트륨)(1회용)_(0.9mg/0.5mL),674101041,530048COS,(주)옵투스제약
티어린에프점안액(히알루론산나트륨)(1회용)_(1.5mg/0.5mL),674101081,530063COS,(주)옵투스제약
티어린프리점안액(히알루론산나트륨)(1회용)_(0.5mg/0.5mL),674101161,530002COS,(주)옵투스제약
티어린프리점안액(히알루론산나트륨)_(5mg/5mL),674100671,530020COS,(주)옵투스제약
티어린프리점안액(히알루론산나트륨)_(6mg/6mL),674100672,530021COS,(주)옵투스제약
티어린피점안액(히알루론산나트륨)(1회용)_(0.75mg/0.5mL),674101121,530060COS,(주)옵투스제약
티어린피점안액(히알루론산나트륨)(1회용)_(1.2mg/0.8mL),674100961,530084COS,(주)디에이치피코리아
티어솝프리점안액(1회용)_(0.25mL),674100831,541700COS,(주)옵투스제약
티어스점안액(히알루론산나트륨)_(5mg/5mL),645604351,530020COS,대화제약(주)
티어클린점안액(순)_(15mL),645303383,D86600COS,한림제약(주)
티어클린점안액(순-1회용)_(0.5mL),645306051,E65800COS,한림제약(주)
티어클린점안액_(0.6mL),645304851,D86800COS,한림제약(주)
티어클린점안액_(10mL),645303381,D86400COS,한림제약(주)
티어클린점안액_(12mL),645303382,D86500COS,한림제약(주)
티어하이리프레쉬점안액(카르복시메틸셀룰로오스나트륨)(1회용)_(4mg/0.8mL),670400541,228636COS,(주)휴온스메디텍
틴클점안액_(15mL),649504351,D93300COS,유니메드제약(주)
파라딘0.2%점안액(올로파타딘염산염)(1회용)_(0.666mg/0.3mL),649606091,391733COS,대우제약(주)
파라딘0.2%점안액(올로파타딘염산염)_(6.66mg/3mL),649604271,391738COS,대우제약(주)
파라딘점안액(올로파타딘염산염)_(5.55mg/5mL),649604141,391736COS,대우제약(주)
파라딘점안액(올로파타딘염산염)_(6.66mg/6mL),649604142,391737COS,대우제약(주)
파라딘점안액0.7%(올로파타딘염산염)(1회용)_(2.328mg/0.3mL),649606131,391751COS,대우제약(주)
파라딘점안액0.7%(올로파타딘염산염)_(23.28mg/3mL),649606141,391747COS,대우제약(주)
파라카인점안액0.5%(프로파라카인염산염)(1회용)_(4mg/0.8mL),643505831,219630COS,한미약품(주)
파제오0.7%점안액(올로파타딘염산염)_(19.4mg/2.5mL),653603231,391742COS,한국노바티스(주)
파타놀점안액0.1%(올로파타딘염산염)_(5.55mg/5mL),653603051,391736COS,한국노바티스(주)
파타데이0.2%점안액(올로파타딘염산염)_(6.66mg/3mL),653603111,391738COS,한국노바티스(주)
파타딘점안액(올로파타딘염산염)(군납용:염산올로파타딘점안액)_(5.55mg/5mL),649505961,391736COS,유니메드제약(주)
파타딘큐디점안액(올로파타딘염산염)(1회용)_(0.777mg/0.35mL),649507831,391743COS,유니메드제약(주)
파타딘큐디점안액(올로파타딘염산염)(1회용)_(0.888mg/0.4mL),649508541,391744COS,유니메드제약(주)
파타아인점안액(올로파타딘염산염)_(6.66mg/6mL),671704281,391737COS,주식회사제뉴원사이언스
파타올점안액0.1%(올로파타딘염산염)_(5.55mg/5mL),649104181,391736COS,한국휴텍스제약(주)
파타올점안액0.1%(올로파타딘염산염)_(6.66mg/6mL),649104182,391737COS,한국휴텍스제약(주)
파타올점안액0.2%(올로파타딘염산염)_(6.66mg/3mL),649104281,391738COS,한국휴텍스제약(주)
파타원미니점안액0.2%(올로파타딘염산염)(1회용)_(0.666mg/0.3mL),628901741,391733COS,(주)이든파마
파타원미니점안액0.2%(올로파타딘염산염)(1회용)_(0.777mg/0.35mL),628901751,391743COS,(주)이든파마
파타원미니점안액0.2%(올로파타딘염산염)(1회용)_(0.888mg/0.4mL),628901761,391744COS,(주)이든파마
파타원미니점안액0.2%(올로파타딘염산염)(1회용)_(0.999mg/0.45mL),628901771,391745COS,(주)이든파마
파타원미니점안액0.2%(올로파타딘염산염)(1회용)_(1.11mg/0.5mL),628901781,391746COS,(주)이든파마
파타원스점안액(올로파타딘염산염)_(6.66mg/3mL),671704561,391738COS,주식회사제뉴원사이언스
"포러스점안액(수출명:Forus 포러스, Pomxane 폼세인)_(10mL)",643901611,540200COS,삼일제약(주)
포르텐점안액(프레드니솔론아세테이트)_(0.1g/10mL),651205291,217132COS,삼천당제약(주)
포소드점안액_(10mL),645302121,539200COS,한림제약(주)
포솔론점안액(프레드니솔론아세테이트)_(0.1g/10mL),657308053,217132COS,(주)동구바이오제약
"푸가신점안액(오플록사신)(수출명:SP Ofloxacin Opthtalmic solution,SHINPOONG FUGACIN Ophthalmic solution)_(15mg/5mL)",648504101,203936COS,신풍제약(주)
푸루메론점안액(플루오로메톨론)_(6mg/6mL),661904232,161238COS,영풍제약(주)
풀아이론점안액0.1%(플루오로메톨론)_(6mg/6mL),643101924,161238COS,(주)바이넥스
풀아이론티점안액_(6mL),643103182,538900COS,(주)바이넥스
풍림리프레쉬점안액0.5%(카르복시메틸셀룰로오스나트륨)(1회용)_(2.5mg/0.5mL),649002501,228633COS,풍림무약(주)
풍림리프레쉬점안액1.0%(카르복시메틸셀룰로오스나트륨)(1회용)_(5mg/0.5mL),649002471,228648COS,풍림무약(주)
퓨리원스미니점안액(히알루론산나트륨)(1회용)_(0.675mg/0.45mL),657307651,530059COS,(주)동구바이오제약
퓨어원점안액(플루오로메톨론)_(6mg/6mL),657807071,161238COS,하나제약(주)
"퓨어원플러스점안액(플루오로메톨론,테트라히드로졸린염산염)_(6mL)",657807061,538900COS,하나제약(주)
프레드니론점안액(프레드니솔론아세테이트)_(0.1g/10mL),649602604,217132COS,대우제약(주)
프레드니론점안액(프레드니솔론아세테이트)_(65mg/6.5mL),649602606,217138COS,대우제약(주)
프레드루체점안액(프레드니솔론아세테이트)_(0.1g/10mL),648604221,217132COS,(주)씨엠지제약
프레드벨1%점안액(프레드니솔론아세테이트)(1회용)_(4mg/0.4mL),643308131,217135COS,(주)종근당
프레드에프점안액(프레드니솔론아세테이트)_(0.1g/10mL),690301102,217132COS,(주)라이트팜텍
프레드포르테점안액(프레드니솔론아세테이트)_(50mg/5mL),624900441,217131COS,한국애브비(주)
프레시뷰베타점안액_(14mL),684501371,D69800COS,화일약품(주)
프레아인점안액(프레드니솔론아세테이트)_(0.1g/10mL),671706042,217132COS,주식회사제뉴원사이언스
프레테솔점안액(프레드니솔론아세테이트)_(0.1g/10mL),643704761,217132COS,국제약품(주)
프레트점안액(프레드니솔론아세테이트) _(50mg/5mL),693202401,217131COS,(주)한국글로벌제약
프레트점안액(프레드니솔론아세테이트) _(60mg/6mL),693202402,217139COS,(주)한국글로벌제약
프레트점안액(프레드니솔론아세테이트) _(65mg/6.5mL),693202403,217138COS,(주)한국글로벌제약
프레트점안액(프레드니솔론아세테이트) _(75mg/7.5mL),693202404,217137COS,(주)한국글로벌제약
프레트점안액(프레드니솔론아세테이트) _(85mg/8.5mL),693202405,217136COS,(주)한국글로벌제약
프레트점안액(프레드니솔론아세테이트)_(0.1g/10mL),693202406,217132COS,(주)킵스바이오파마
프렌즈아이드롭점안액(순)(1회용)_(0.5mL),644914981,E65800COS,제이더블유중외제약(주)
프렌즈아이드롭점안액(순)_(12mL),644904312,D86500COS,제이더블유중외제약(주)
프렌즈아이드롭점안액(순)_(14mL),644904315,E17200COS,제이더블유중외제약(주)
프렌즈아이드롭점안액(쿨)_(12mL),644904311,D86500COS,제이더블유중외제약(주)
프렌즈아이드롭점안액(쿨)_(14mL),644904314,E17200COS,제이더블유중외제약(주)
프렌즈아이드롭점안액(쿨하이)_(12mL),644904313,D86500COS,제이더블유중외제약(주)
프렌즈아이드롭점안액(쿨하이)_(14mL),644904316,E17200COS,제이더블유중외제약(주)
프렌즈아이엔젤마일드점안액(카르복시메틸셀룰로오스나트륨)(1회용)_(4mg/0.8mL),644913741,228636COS,제이더블유중외제약(주)
프로산0.15%점안액(히알루론산나트륨)(1회용)_(1.2mg/0.8mL),683100831,530084COS,(주)휴메딕스
프로산0.15%점안액(히알루론산나트륨)_(0.675mg/0.45mL),683101011,530059COS,(주)휴메딕스
프로산0.3%점안액(히알루론산나트륨)(1회용)_(1.5mg/0.5mL),683101421,530063COS,(주)휴메딕스
프로산점안액(히알루론산나트륨)_(0.45mg/0.45mL),683100911,530072COS,(주)휴메딕스
프로산점안액(히알루론산나트륨)_(10mg/10mL),683101212,530029COS,(주)휴메딕스
프로산점안액(히알루론산나트륨)_(6mg/6mL),683101211,530021COS,(주)휴메딕스
프로신점안액(레보플록사신수화물)_(25mg/5mL),665506541,183230COS,한국유니온제약(주)
프로신점안액(레보플록사신수화물)_(30mg/6mL),665506542,183231COS,한국유니온제약(주)
프로원스점안액(라타노프로스트)(1회용)_(10μg/0.2mL),678602161,181502COS,(주)다산제약
프로탄점안액(라타노프로스트)_(0.125mg/2.5mL),645302181,181531COS,한림제약(주)
프로탄플러스점안액_(2.5mL),645302191,540600COS,한림제약(주)
플로나신점안액(목시플록사신염산염)_(32.7mg/6mL),657806831,380334COS,하나제약(주)
플로손점안액(플루오로메톨론)(1회용)_(0.45mg/0.45mL),674101331,161244COS,(주)옵투스제약
플로손점안액(플루오로메톨론)_(6mg/6mL),674100212,161238COS,(주)옵투스제약
플루메톨점안액(플루오로메톨론)_(6mg/6mL),693201521,161238COS,(주)킵스바이오파마
플루빈점안액0.1%(플루오로메톨론)(1회용)_(0.45mg/0.45mL),650102961,161244COS,(주)태준제약
플루빈점안액0.1%(플루오로메톨론)_(5mg/5mL),650102561,161237COS,(주)태준제약
플루아이점안액0.1%(플루오로메톨론)_(6mg/6mL),52400551,161238COS,(주)인트로바이오파마
플루아인점안액(플루오로메톨론)_(6mg/6mL),671704311,161238COS,주식회사제뉴원사이언스
"플루오론티점안액(플루오로메톨론,테트라히드로졸린)_(6mL)",643503422,538900COS,한미약품(주)
플루오점안액(플루오로메톨론)_(6mg/6mL),649001012,161238COS,풍림무약(주)
플루테트점안액_(6mL),693201531,538900COS,(주)킵스바이오파마
플루톤점안액(플루오로메톨론)_(6mg/6mL),645104201,161238COS,대한약품공업(주)
플루페스트점안액_(6mL),657307461,538900COS,(주)동구바이오제약
필로스타점안액1%(필로카르핀염산염)(1회용)_(3.5mg/0.35mL),649606511,212334COS,대우제약(주)
하메론-에스점안액0.18%(히알루론산나트륨)_(0.9mg/0.5mL),651204601,530048COS,삼천당제약(주)
하메론에이점안액0.15%(히알루론산나트륨)_(0.75mg/0.5mL),651204661,530060COS,삼천당제약(주)
하메론에이점안액0.15%(히알루론산나트륨)_(15mg/10mL),651204763,530037COS,삼천당제약(주)
하메론에이점안액0.15%(히알루론산나트륨)_(7.5mg/5mL),651204761,530054COS,삼천당제약(주)
하메론점안액(히알루론산나트륨)_(0.5mg/0.5mL),651204571,530002COS,삼천당제약(주)
하메론점안액(히알루론산나트륨)_(10mg/10mL),651202192,530029COS,삼천당제약(주)
하메론점안액(히알루론산나트륨)_(5mg/5mL),651202191,530020COS,삼천당제약(주)
하메론피점안액0.3%(히알루론산나트륨)_(1.5mg/0.5mL),651204631,530063COS,삼천당제약(주)
하메론피점안액0.3%(히알루론산나트륨)_(15mg/5mL),651204171,530039COS,삼천당제약(주)
하이눈점안액_(15mL),649504661,D98600COS,유니메드제약(주)
하이아이프레쉬점안액(카르복시메틸셀룰로오스나트륨)(1회용)_(2.5mg/0.5mL),670608311,228633COS,(주)휴온스
하이클점안액(히알루론산나트륨)_(5mg/5mL),648504251,530020COS,신풍제약(주)
하일렌맥스점안액0.3%(히알루론산나트륨)(1회용)_(1.35mg/0.45mL),643104311,530064COS,(주)바이넥스
하일렌에스점안액0.18%(히알루론산나트륨)(1회용)_(0.72mg/0.4mL),643104301,530068COS,(주)바이넥스
하일렌점안액(히알루론산나트륨)(1회용)_(0.3mg/0.3mL),643104051,530052COS,(주)바이넥스
하일렌점안액(히알루론산나트륨)(1회용)_(0.4mg/0.4mL),643104451,530001COS,(주)바이넥스
하일렌점안액(히알루론산나트륨)(1회용)_(0.8mg/0.8mL),643104071,530005COS,(주)바이넥스
하일렌점안액(히알루론산나트륨)_(10mg/10mL),643101962,530029COS,(주)바이넥스
하일렌점안액(히알루론산나트륨)_(6mg/6mL),643101964,530021COS,(주)바이넥스
하일렌플러스점안액0.15%(히알루론산나트륨)(1회용)_(0.6mg/0.4mL),643104281,530074COS,(주)바이넥스
한림포비돈점안액(수출명:한비돈점안액)_(0.2g/10mL),645302811,216134COS,한림제약(주)
한림호마핀점안액(호마트로핀브롬화수소산염)_(0.1g/5mL),645304951,169130COS,한림제약(주)
현대하이파딜점안액(니프라딜롤)_(12.5mg/5mL),642001381,202330COS,현대약품(주)
화인클점안액(1회용)_(0.4mL),674101371,D96400COS,(주)디에이치피코리아
화인클점안액(1회용)_(0.5mL),674101381,D96500COS,(주)디에이치피코리아
화인클점안액(1회용)_(0.8mL),674100721,D96600COS,(주)디에이치피코리아
화일레보플록사신점안액(레보플록사신수화물)_(30mg/6mL),684501081,183231COS,화일약품(주)
후루손점안액(플루오로메톨론)_(6mg/6mL),649602762,161238COS,대우제약(주)
후루손플러스점안액_(6mL),649602822,538900COS,대우제약(주)
후메론-플러스점안현탁액(1회용)_(0.4mL),645305831,642200COS,한림제약(주)
후메론-플러스점안현탁액_(5mL),645303131,538800COS,한림제약(주)
후메론점안액0.02%(플루오로메톨론)_(1mg/5mL),645303121,161232COS,한림제약(주)
후메론점안액0.1%(플루오로메토론)_(5mg/5mL),645303111,161237COS,한림제약(주)
후메론점안액0.1%(플루오로메톨론)(1회용)_(0.4mg/0.4mL),645305821,161242COS,한림제약(주)
후메토론점안액(플루오로메톨론)(1회용)_(0.45mg/0.45mL),643704631,161244COS,국제약품(주)
후메토론점안액(플루오로메톨론)_(5mg/5mL),643702601,161237COS,국제약품(주)
후메토론플러스점안액_(6mL),643703542,538900COS,국제약품(주)
휴디낙점안액(디클로페낙나트륨)_(6mg/6mL),670608541,143533COS,(주)휴온스
휴레보점안액(레보플록사신수화물)_(30mg/6mL),670608481,183231COS,(주)휴온스
휴레보점안액1.5%(레보플록사신수화물)_(75mg/5mL),670608911,183243COS,(주)휴온스
휴레신점안액(레보플록사신수화물)_(30mg/6mL),683101281,183231COS,(주)휴메딕스
휴로타딘점안액0.1%(올로파타딘염산염)_(6.66mg/6mL),670608551,391737COS,(주)휴온스
휴로타딘점안액0.2%(올로파타딘염산염)(1회용)_(0.888mg/0.4mL),670609451,391744COS,(주)휴온스
휴로타딘점안액0.7%(올로파타딘염산염)_(46.5mg/6mL),670609601,391753COS,(주)휴온스
휴로플루오점안액(플루오로메톨론)(1회용)_(0.4mg/0.4mL),622803591,161242COS,(주)마더스제약
휴로히알점안액0.15%(히알루론산나트륨)(1회용)_(0.675mg/0.45mL),622803851,530059COS,(주)마더스제약
휴로히알점안액0.18%(히알루론산나트륨)(1회용)_(0.9mg/0.5mL),622803871,530048COS,(주)마더스제약
휴로히알점안액0.3%(히알루론산나트륨)(1회용)_(1.35mg/0.45mL),622803891,530064COS,(주)마더스제약
휴록사신점안액(레보플록사신수화물)_(30mg/6mL),628801261,183231COS,(주)휴비스트제약
휴록신점안액(오플록사신)_(18mg/6mL),670608391,203937COS,(주)휴온스
휴메론점안액(플루오로메톨론)_(6mg/6mL),628801191,161238COS,(주)휴비스트제약
휴메론플러스점안액_(6mL),628801271,538900COS,(주)휴비스트제약
휴메토론점안액(플루오로메톨론)_(6mg/6mL),683101231,161238COS,(주)휴메딕스
휴메토론티점안액_(6mL),683101241,538900COS,(주)휴메딕스
휴목시점안액(목시플록사신염산염)_(27.25mg/5mL),670608511,380333COS,(주)휴온스
휴브낙점안액(브롬페낙나트륨수화물)(1회용)_(0.4mg/0.4mL),670609211,619205COS,(주)휴온스
휴엠엘점안액(플루오로메톨론)_(6mg/6mL),670608401,161238COS,(주)휴온스
휴쿠아스점안액(디쿠아포솔나트륨)(1회용)_(12mg/0.4mL),658204401,617332COS,(주)비보존제약
휴클로점안액(디클로페낙나트륨)_(6mg/6mL),683101261,143533COS,(주)휴메딕스
휴타딘점안액0.1%(올로파타딘염산염)_(6.66mg/6mL),683101341,391737COS,(주)휴메딕스
휴토마이신점안액(토브라마이신)_(18mg/6mL),683101271,240834COS,(주)휴메딕스
휴토신점안액(토브라마이신)_(18mg/6mL),670608451,240834COS,(주)휴온스
휴토펜점안액(케토티펜푸마르산염)_(4.14mg/6mL),683101221,180138COS,(주)휴메딕스
휴프레쉬점안액1%(카르복시메틸셀룰로오스나트륨)(1회용)_(4.5mg/0.45mL),683101441,228651COS,(주)휴메딕스
휴플록스점안액(오플록사신)_(18mg/6mL),683101251,203937COS,(주)휴메딕스
히론아이점안액(히알루론산나트륨)_(10mg/10mL),665506145,530029COS,한국유니온제약(주)
히론아이점안액(히알루론산나트륨)_(6mg/6mL),665506143,530021COS,한국유니온제약(주)
히론아이점안액0.15%(히알루론산나트륨)(1회용)_(0.525mg/0.35mL),665508071,530058COS,한국유니온제약(주)
히론아이점안액0.15%(히알루론산나트륨)(1회용)_(0.675mg/0.45mL),665508081,530059COS,한국유니온제약(주)
히론아이점안액0.15%(히알루론산나트륨)(1회용)_(1.5mg/1mL),665508091,530013COS,한국유니온제약(주)
히론아이점안액0.3%(히알루론산나트륨)(1회용)_(1.05mg/0.35mL),665508101,530065COS,한국유니온제약(주)
히론아이점안액0.3%(히알루론산나트륨)(1회용)_(1.35mg/0.45mL),665508111,530064COS,한국유니온제약(주)
히론아이점안액0.3%(히알루론산나트륨)(1회용)_(2.7mg/0.9mL),665508121,530018COS,한국유니온제약(주)
히아레인0.3점안액(히알루론산나트륨)_(15mg/5mL),665600121,530039COS,한국산텐제약(주)
히아레인미니점안액0.1%(히알루론산나트륨)(1회용)_(0.5mg/0.5mL),665600271,530002COS,한국산텐제약(주)
히아레인미니점안액0.3%(히알루론산나트륨)(1회용)_(1.5mg/0.5mL),665600281,530063COS,한국산텐제약(주)
히아렌점안액(히알루론산나트륨)_(10mg/10mL),645104182,530029COS,대한약품공업(주)
히아렌점안액(히알루론산나트륨)_(6mg/6mL),645104181,530021COS,대한약품공업(주)
히아렌프리점안액(히알루론산나트륨)(1회용)_(0.5mg/0.5mL),645104581,530002COS,대한약품공업(주)
히아렌프리점안액0.15%(히알루론산나트륨)(1회용)_(0.75mg/0.5mL),645104781,530060COS,대한약품공업(주)
히아루론맥스점안액0.15%(히알루론산나트륨)(1회용)_(0.75mg/0.5mL),645305851,530060COS,한림제약(주)
히아루론맥스점안액0.15%(히알루론산나트륨)_(7.5mg/5mL),645305891,530054COS,한림제약(주)
히아루론맥스점안액0.18%(히알루론산나트륨)(1회용)_(0.9mg/0.5mL),645305381,530048COS,한림제약(주)
히아루론맥스점안액0.3%(히알루론산나트륨)(1회용)_(1.5mg/0.5mL),645305331,530063COS,한림제약(주)
히아루론점안액(히알루론산나트륨)(1회용)_(0.5mg/0.5mL),645305351,530002COS,한림제약(주)
히아루론점안액(히알루론산나트륨)_(0.88mg/0.88mL),645304441,530006COS,한림제약(주)
히아루론점안액(히알루론산나트륨)_(10mg/10mL),645303152,530029COS,한림제약(주)
히아루론점안액(히알루론산나트륨)_(5mg/5mL),645303151,530020COS,한림제약(주)
히아루산점안액(히알루론산나트륨)_(6mg/6mL),661904221,530021COS,영풍제약(주)
히아박점안액(히알루론산나트륨)_(15mg/10mL),643903071,530037COS,삼일제약(주)
히알론점안액(히알루론산나트륨)(1회용)_(0.45mg/0.45mL),649001781,530072COS,풍림무약(주)
히알론점안액(히알루론산나트륨)_(10mg/10mL),649001022,530029COS,풍림무약(주)
히알론점안액(히알루론산나트륨)_(6mg/6mL),649001023,530021COS,풍림무약(주)
히알론점안액0.15%(히알루론산나트륨)(1회용)_(0.675mg/0.45mL),649001971,530059COS,풍림무약(주)
히알론점안액0.3%(히알루론산나트륨)(1회용)_(1.35mg/0.45mL),649001801,530064COS,풍림무약(주)
히알루드롭점안액0.1%(히알루론산나트륨)_(10mg/10mL),643504022,530029COS,한미약품(주)
히알루드롭점안액0.1%(히알루론산나트륨)_(5mg/5mL),643504021,530020COS,한미약품(주)
히알루드롭점안액0.18%(히알루론산나트륨)_(18mg/10mL),643506941,530042COS,한미약품(주)
히알루드롭점안액0.18%(히알루론산나트륨)_(9mg/5mL),643506942,530049COS,한미약품(주)
히알루론미니점안액0.15%(히알루론산나트륨)(1회용)(A형)_(0.675mg/0.45mL),690300071,530059COS,(주)라이트팜텍
히알루론미니점안액0.15%(히알루론산나트륨)_(9mg/6mL),690302521,530025COS,(주)라이트팜텍
히알루미니점안액0.1%(히알루론산나트륨)(1회용)_(0.5mg/0.5mL),643504031,530002COS,한미약품(주)
히알루미니점안액0.15%(히알루론산나트륨)(1회용)_(0.6mg/0.4mL),643507891,530074COS,한미약품(주)
히알루미니점안액0.15%(히알루론산나트륨)(1회용)_(0.75mg/0.5mL),643507901,530060COS,한미약품(주)
히알루미니점안액0.18%(히알루론산나트륨)(1회용)_(0.9mg/0.5mL),643506201,530048COS,한미약품(주)
히알루미니점안액0.3%(히알루론산나트륨)(1회용)_(1.5mg/0.5mL),643507991,530063COS,한미약품(주)
히알룩스0.18%점안액(히알루론산나트륨)(1회용)_(0.81mg/0.45mL),657307661,530069COS,(주)동구바이오제약
히알룩스더블유점안액0.3%(히알루론산나트륨)(1회용)_(1.05mg/0.35mL),657308511,530065COS,(주)동구바이오제약
히알룩스미니점안액(히알루론산나트륨)(1회용)_(0.45mg/0.45mL),657307511,530072COS,(주)동구바이오제약
히알룩스미니점안액(히알루론산나트륨)_(12mg/12mL),657307522,530031COS,(주)동구바이오제약
히알룩스미니점안액(히알루론산나트륨)_(6mg/6mL),657307521,530021COS,(주)동구바이오제약
히알미니-디점안액(히알루론산나트륨)(1회용)_(0.81mg/0.45mL),671705611,530069COS,주식회사제뉴원사이언스
히알미니-아이점안액0.15%(히알루론산나트륨)(1회용)_(0.75mg/0.5mL),671705681,530060COS,주식회사제뉴원사이언스
히알미니-아이점안액0.15%(히알루론산나트륨)_(15mg/10mL),671706282,530037COS,주식회사제뉴원사이언스
히알미니-아이점안액0.15%(히알루론산나트륨)_(9mg/6mL),671706281,530025COS,주식회사제뉴원사이언스
히알미니점안액(히알루론산나트륨)(1회용)_(0.45mg/0.45mL),671705621,530072COS,주식회사제뉴원사이언스
히알산점안액(히알루론산나트륨)(1회용)(수출명:필히알산점안액)_(0.45mg/0.45mL),649604861,530072COS,대우제약(주)
히알산점안액(히알루론산나트륨)(수출명:필히알산점안액)_(10mg/10mL),649602812,530029COS,대우제약(주)
히알산점안액(히알루론산나트륨)(수출명:필히알산점안액)_(5mg/5mL),649602811,530020COS,대우제약(주)
히알산점안액(히알루론산나트륨)(수출명:필히알산점안액)_(6mg/6mL),649602813,530021COS,대우제약(주)
히알산점안액0.15%(히알루론산나트륨)(1회용)_(0.675mg/0.45mL),649604801,530059COS,대우제약(주)
히알산점안액0.15%(히알루론산나트륨)_(15mg/10mL),649605493,530037COS,대우제약(주)
히알산점안액0.15%(히알루론산나트륨)_(9mg/6mL),649605491,530025COS,대우제약(주)
히알산점안액0.18%(히알루론산나트륨)(1회용)_(0.81mg/0.45mL),649605761,530069COS,대우제약(주)
히알산점안액0.3%(히알루론산나트륨)(1회용)_(1.35mg/0.45mL),649604741,530064COS,대우제약(주)
히알아이점안액 (히알루론산나트륨)_(6mg/6mL),669700231,530021COS,에스피씨(주)
히알아인점안액(히알루론산나트륨)_(10mg/10mL),671704262,530029COS,주식회사제뉴원사이언스
히알아인점안액(히알루론산나트륨)_(6mg/6mL),671704261,530021COS,주식회사제뉴원사이언스
히알우로닉점안액0.1%(히알루론산나트륨)(1회용)_(0.45mg/0.45mL),649104101,530072COS,한국휴텍스제약(주)
히알우로닉점안액0.1%(히알루론산나트륨)_(10mg/10mL),649103802,530029COS,한국휴텍스제약(주)
히알우로닉점안액0.1%(히알루론산나트륨)_(6mg/6mL),649103801,530021COS,한국휴텍스제약(주)
히알우로닉점안액0.18%(히알루론산나트륨)(1회용)_(0.63mg/0.35mL),649103861,530071COS,한국휴텍스제약(주)
히알원점안액0.1%(히알루론산나트륨)(1회용)_(0.45mg/0.45mL),657807181,530072COS,하나제약(주)
히알원점안액0.1%(히알루론산나트륨)_(6mg/6mL),657807081,530021COS,하나제약(주)
히알원점안액0.15%(히알루론산나트륨)(1회용)_(0.45mg/0.3mL),657807131,530057COS,하나제약(주)
히알원점안액0.15%(히알루론산나트륨)(1회용)_(0.525mg/0.35mL),657807141,530058COS,하나제약(주)
히알원점안액0.15%(히알루론산나트륨)(1회용)_(0.675mg/0.45mL),657807161,530059COS,하나제약(주)
히알원점안액0.15%(히알루론산나트륨)(1회용)_(0.6mg/0.4mL),657807151,530074COS,하나제약(주)
히알원점안액0.15%(히알루론산나트륨)(1회용)_(0.75mg/0.5mL),657807171,530060COS,하나제약(주)
히알원점안액0.18%(히알루론산나트륨)(1회용)_(0.63mg/0.35mL),657807191,530071COS,하나제약(주)
히알원점안액0.3%(히알루론산나트륨)(1회용)_(1.05mg/0.35mL),657807201,530065COS,하나제약(주)
히알유니점안액0.3%(히알루론산나트륨)_(1.35mg/0.45mL),650102861,530064COS,(주)태준제약
히알캡점안액0.1%(히알루론산나트륨)(1회용)_(0.45mg/0.45mL),678601451,530072COS,(주)다산제약
히알캡점안액0.15%(히알루론산나트륨)(1회용)_(0.675mg/0.45mL),678601751,530059COS,(주)다산제약
히알큐점안액0.1%(히알루론산나트륨)(1회용)_(0.35mg/0.35mL),642905881,530053COS,일동제약(주)
히알큐점안액0.1%(히알루론산나트륨)(1회용)_(0.5mg/0.5mL),642906233,530002COS,일동제약(주)
히알큐점안액0.1%(히알루론산나트륨)_(5mg/5mL),642904521,530020COS,일동제약(주)
히알큐점안액0.18%(히알루론산나트륨)(1회용)_(0.9mg/0.5mL),642906243,530048COS,일동제약(주)
히알핑점안액(히알루론산나트륨)_(10mg/10mL),642004672,530029COS,현대약품(주)
히알핑점안액(히알루론산나트륨)_(5mg/5mL),642004671,530020COS,현대약품(주)
힐로스점안액(히알루론산나트륨)(1회용)_(0.45mg/0.45mL),628801641,530072COS,(주)휴비스트제약
힐로스점안액(히알루론산나트륨)_(10mg/10mL),628801781,530029COS,(주)휴비스트제약
힐로스점안액0.15%(히알루론산나트륨)(1회용)_(0.675mg/0.45mL),628801611,530059COS,(주)휴비스트제약
힐로스점안액0.18%(히알루론산나트륨)(1회용)_(0.63mg/0.35mL),628801681,530071COS,(주)휴비스트제약
힐로스점안액0.3%(히알루론산나트륨)(1회용)_(1.05mg/0.35mL),628801621,530065COS,(주)휴비스트제약
네오덱스안연고_(5g),645300053,539900COO,한림제약(주)
듀라티얼즈안연고(무수액체라놀린)_(0.105g/3.5g),652400042,109130COO,한국알콘(주)
디겐타안연고_(4g),645304201,538500COO,한림제약(주)
맥시덱스안연고(덱사메타손)_(3.5mg/3.5g),653603151,141930COO,한국노바티스(주)
맥시트롤안연고_(3.5g),653602981,539800COO,한국노바티스(주)
바이클로버안연고(아시클로버)_(0.105g/3.5g),651204801,102931COO,삼천당제약(주)
박트리안연고(무피로신)_(0.2g/10g),644800901,197631COM,태극제약(주)
베아오플안연고(오플록사신)_(15mg/5g),694000891,203935COO,대웅바이오(주)
에펙신안연고(오플록사신)_(10.5mg/3.5g),642901291,203934COO,일동제약(주)
오비드안연고(오플록사신)_(10.5mg/3.5g),658203871,203934COO,(주)비보존제약
오비드안연고(오플록사신)_(15mg/5g),658203872,203935COO,(주)비보존제약
오큐라신안연고(토브라마이신)_(15mg/5g),643901012,240845COO,삼일제약(주)
오큐프록스안연고(오플록사신)(수출명:OcuFlox)_(10.5mg/3.5g),643901191,203934COO,삼일제약(주)
오큐프록스안연고(오플록사신)(수출명:OcuFlox)_(15mg/5g),643901192,203935COO,삼일제약(주)
오페란안연고(오플록사신)_(15mg/5g),643704501,203935COO,국제약품(주)
오푸스안연고(오플록사신)_(15mg/5g),651204811,203935COO,삼천당제약(주)
오푸아인안연고(오플록사신)_(15mg/5g),671705661,203935COO,주식회사제뉴원사이언스
퀴노비드안연고(오플록사신)_(15mg/5g),645301734,203935COO,한림제약(주)
타리비드안연고(오플록사신)_(10.5mg/3.5g),665600081,203934COO,한국산텐제약(주)
테라마이신안연고_(3.5g),648901081,540400COO,한국화이자제약(주)
토라신안연고(토브라마이신)_(15mg/5g),651204821,240845COO,삼천당제약(주)
포러스안연고_(3.5g),643901601,539800COO,삼일제약(주)
포러스안연고_(5g),643901602,539900COO,삼일제약(주)
헤르페시드안연고(아시클로버)_(0.105g/3.5g),643901821,102931COO,삼일제약(주)
